_,id,title,photo,date,creator,left,broadcast,verified,megagroup,restricted,signatures,min,scam,has_link,has_geo,slowmode_enabled,call_active,call_not_empty,fake,gigagroup,noforwards,join_to_send,join_request,forum,access_hash,username,restriction_reason,admin_rights,banned_rights,default_banned_rights,participants_count,usernames
Channel,1640123658,Rusia en Espa√±a,"{'_': 'ChatPhoto', 'photo_id': 5820922932812167211, 'dc_id': 4, 'has_video': False, 'stripped_thumb': b'\x01\x08\x08\xcd\xfd\xdf\x93\xfe\xdd\x14QZ\xd8\x93'}",2022-02-26 01:07:23+00:00,False,True,True,True,False,False,False,False,False,False,False,False,False,False,False,False,False,False,False,False,-4960720562270008593,EmbajadaRusaEs,[],,,,15261,[]
Channel,1572209869,Canciller√≠a de Rusia,"{'_': 'ChatPhoto', 'photo_id': 5303033899359783361, 'dc_id': 2, 'has_video': False, 'stripped_thumb': b'\x01\x08\x08\xcd\xfd\xdf\x93\x9e7zw\xa2\x8a+k\x12\x7f'}",2022-03-22 11:25:55+00:00,False,True,True,False,False,False,False,False,False,False,False,False,False,False,False,False,False,False,False,False,7328409993038786644,MAERusia,[],,,,7779,[]
Channel,1805758411,Albatrops üê•,"{'_': 'ChatPhoto', 'photo_id': 5810016937105800342, 'dc_id': 4, 'has_video': False, 'stripped_thumb': b'\x01\x08\x08\xad!\x88[\x82\x1b\xf7\xb9\xc9\xe0\xf4\xa2\x8a+;\x1b\xb94\xcf'}",2022-11-24 00:36:36+00:00,False,True,True,False,False,False,False,False,False,True,False,False,False,False,False,False,False,False,False,False,-4855538959144356133,albatrops,[],,,,1110,[]
Channel,1245675790,Alena Rusa ü™Ü,"{'_': 'ChatPhoto', 'photo_id': 5190935811279930504, 'dc_id': 2, 'has_video': False, 'stripped_thumb': b'\x01\x08\x08\x92?\xdey\xa0\x0e\x17\x07\x9a(\xa2\x9c^\xe1$\x7f'}",2021-02-12 07:33:30+00:00,False,True,True,False,False,False,False,False,False,True,False,False,False,False,False,False,False,False,False,False,-888574577384363629,rusa_alena,[],,,,10418,[]
Channel,1761791251,ROKOT | TORMENTA,"{'_': 'ChatPhoto', 'photo_id': 5344059207927839754, 'dc_id': 2, 'has_video': False, 'stripped_thumb': b'\x01\x08\x08\xacg\xb7\xd8\x0e\xceq\xd3\x02\x8a(\xa4[?'}",2022-03-30 10:50:54+00:00,False,True,True,False,False,False,False,False,False,True,False,False,False,False,False,False,False,False,False,False,-2542597599420331592,surf_noise_sp,[],,,,5666,[]
Channel,1301591875,Euskal Herria-Donbass Elkartasun Komitea,"{'_': 'ChatPhoto', 'photo_id': 29978137742913051, 'dc_id': 4, 'has_video': False, 'stripped_thumb': b'\x01\x08\x08\xa3&\xdf#\x90p\x07\x07\xd6\x8a(\xa1\x177\xa9'}",2018-04-30 09:12:27+00:00,False,True,True,False,False,False,False,False,False,False,False,False,False,False,False,False,False,False,False,False,7131160163981136737,ehdonbass,[],,,,1310,[]
Channel,1662257560,Irina üá∑üá∫,"{'_': 'ChatPhoto', 'photo_id': 5910992644731943782, 'dc_id': 4, 'has_video': False, 'stripped_thumb': b'\x01\x08\x08k\xb5\xb6cPTD\x06N?\xbb\x8f\xe7E\x14RC?'}",2022-04-13 15:34:14+00:00,False,True,True,False,False,False,False,False,False,False,False,False,False,False,False,False,False,False,False,False,8821410694329539377,Irinamar_Z,[],,,,45715,[]
Channel,1351886959,Victor Ternovsky,"{'_': 'ChatPhoto', 'photo_id': 5447214688766116945, 'dc_id': 2, 'has_video': False, 'stripped_thumb': b'\x01\x08\x08<\xf0N\xe6s\x93\x8d\xbc\xf6\xa2\x8a(\xb0\xd9'}",2021-04-28 04:29:58+00:00,False,True,True,False,False,False,False,False,False,True,False,False,False,False,False,False,False,False,False,False,1614663345573555710,victorternovsky,[],,,,18415,[]
Channel,1704644698,Victor Ternovsky chat,{'_': 'ChatPhotoEmpty'},2022-01-25 14:15:23+00:00,False,True,False,False,True,False,False,False,False,True,False,False,False,False,False,False,False,False,False,False,-2186930501148322379,victor_ternovsky,[],,,"{'_': 'ChatBannedRights', 'until_date': datetime.datetime(2038, 1, 19, 3, 14, 7, tzinfo=datetime.timezone.utc), 'view_messages': False, 'send_messages': False, 'send_media': False, 'send_stickers': False, 'send_gifs': False, 'send_games': False, 'send_inline': False, 'embed_links': False, 'send_polls': False, 'change_info': True, 'invite_users': False, 'pin_messages': True, 'manage_topics': False}",611,[]
Channel,1715579305,Guillermo Rocafort,"{'_': 'ChatPhoto', 'photo_id': 5904433319137884960, 'dc_id': 4, 'has_video': False, 'stripped_thumb': b'\x01\x08\x08I$\x11\xdd\x89B\x92\xd9\xf5\xc7n\x94QE\x16\x03'}",2023-01-10 17:12:03+00:00,False,True,True,False,False,False,False,False,False,False,False,False,False,False,False,False,False,False,False,False,-6555485233681056343,guillermorocafort,[],,,,77,[]
Channel,1277138224,Al Otro Lado de la frontera de Ucrania,"{'_': 'ChatPhoto', 'photo_id': 5825885415335377113, 'dc_id': 4, 'has_video': False, 'stripped_thumb': b'\x01\x08\x08r\xde3)\xda\x01#\xb1\x07\x8a(\xa2\xb3f\xabT\x7f'}",2019-12-27 23:01:03+00:00,False,True,True,False,False,False,False,False,False,True,False,False,False,False,False,False,False,False,False,False,-5783096083281742512,BerdaderaH,[],,,,18738,[]
Channel,1703492153,Frente del Este,"{'_': 'ChatPhoto', 'photo_id': 4936400669041077256, 'dc_id': 1, 'has_video': False, 'stripped_thumb': b'\x01\x08\x08\xaf$\xc4\xb89!\x8f~\xd4QEH\xcf'}",2022-02-18 19:33:45+00:00,False,True,True,False,False,False,False,False,False,True,False,False,False,False,False,False,False,False,False,False,5019419467450924413,FrentedelEste,[],,,,9862,[]
Channel,1669876161,A Toda Potencia,"{'_': 'ChatPhoto', 'photo_id': 5395764622692303187, 'dc_id': 2, 'has_video': False, 'stripped_thumb': b'\x01\x08\x08\xcf\xc4\x02\xdb\xef\xa9\x93\x1d0h\xa2\x8aV)\xbb\x9f'}",2022-03-01 14:56:32+00:00,False,True,True,False,False,False,False,False,False,True,False,False,False,False,False,False,False,False,False,False,-2013237773533542995,atodapotencia,[],,,,9777,[]
Channel,1251136642,Vakulinchuk,"{'_': 'ChatPhoto', 'photo_id': 6030572153524565104, 'dc_id': 4, 'has_video': False, 'stripped_thumb': b'\x01\x08\x08\x8dd\x97\x7f\x96\xd9\x18\xeaON\xd4QE\x00\x7f'}",2020-10-01 23:19:50+00:00,False,True,True,False,False,False,False,False,False,True,False,False,False,False,False,False,False,False,False,False,-493095527162952982,vakulinchuk,[],,,,12862,[]
Channel,1684062237,DAViD.cu,"{'_': 'ChatPhoto', 'photo_id': 5035194516100983512, 'dc_id': 1, 'has_video': False, 'stripped_thumb': b'\x01\x08\x08\xb2\x1ao\xb70(\xdb\xb20\xd8\xe3m\x14QL.\x7f'}",2022-03-14 00:47:57+00:00,False,True,True,False,False,False,False,False,False,True,False,False,False,False,False,False,False,False,False,False,5798651718184951473,DAVlDcu,[],,,,9661,[]
Channel,1750459307,el OJO en,"{'_': 'ChatPhoto', 'photo_id': 5359608870735034480, 'dc_id': 2, 'has_video': False, 'stripped_thumb': b'\x01\x08\x08\xcd\xfd\xd7\xd9\xbby\x94QE\x00\x7f'}",2022-04-05 09:05:28+00:00,False,True,True,False,False,False,False,False,False,True,False,False,False,False,False,False,False,False,False,False,-7388805339279247986,elOJOen,[],,,,16930,[]
Channel,1534529260,Helena Villar,"{'_': 'ChatPhoto', 'photo_id': 5118467566828890898, 'dc_id': 1, 'has_video': False, 'stripped_thumb': b'\x01\x08\x08\xa3/\x94\xa9\xb0c;\xfa\xe3\xa0\xa2\x8a)$\x0c'}",2021-07-11 03:29:25+00:00,False,True,True,False,False,False,False,False,False,True,False,False,False,False,False,False,False,False,False,False,7563153379212141831,helenavillarRT,[],,,,15325,[]
Channel,1605322611,Noticias de LADüá∑üá∫,"{'_': 'ChatPhoto', 'photo_id': 5035092128375613770, 'dc_id': 1, 'has_video': False, 'stripped_thumb': b'\x01\x08\x08{[I\xe4n\x0f\xfb\xdd\xd9\xc6\xee\xd4QE_1\x16?'}",2022-03-23 14:10:52+00:00,False,True,True,False,False,False,False,False,False,False,False,False,False,False,False,False,False,False,False,False,-2629631455024639644,LAD_MAERusia,[],,,,3560,[]
Channel,1417414502,Julio Ariza,"{'_': 'ChatPhoto', 'photo_id': 5809885266293405225, 'dc_id': 4, 'has_video': False, 'stripped_thumb': b'\x01\x08\x08\xa0\n\x9b&\x1f.\xed\xe2\x8a(\xa7a\xdc'}",2020-07-24 12:52:38+00:00,False,True,True,False,False,False,False,False,False,False,False,False,False,False,False,False,False,False,False,False,-3454443025131215812,Julioarizaeltoro,[],,,,55418,[]
Channel,1488024151,Liu Sivaya,"{'_': 'ChatPhoto', 'photo_id': 5846154160574150961, 'dc_id': 4, 'has_video': False, 'stripped_thumb': b'\x01\x08\x08\x1ah\xccx\nB\x93\xfa\xd1E\x15\xa4%\xca\r\\'}",2020-05-10 14:03:38+00:00,False,True,True,True,False,False,False,False,False,False,False,False,False,False,False,False,False,False,False,False,7715494844632695015,liusivaya,[],,,,60172,[]
Channel,1750481762,¬°Ah√≠ les va!,"{'_': 'ChatPhoto', 'photo_id': 5301269883276867728, 'dc_id': 2, 'has_video': False, 'stripped_thumb': b'\x01\x08\x08\xa4>\xcel\xc9\xc2\t1\x8ez\xe6\x8a(\xa0\x0f'}",2022-03-16 14:29:25+00:00,False,True,True,False,False,False,False,False,False,True,False,False,False,False,False,False,False,False,False,False,-5218698953481864736,ahilesvaALV,[],,,,40876,[]
Channel,1590534742,MoD Russia,"{'_': 'ChatPhoto', 'photo_id': 5267323754554440093, 'dc_id': 2, 'has_video': False, 'stripped_thumb': b'\x01\x08\x08\xd7\xf9\xfc\xce\x83f=h\xa2\x8a\x00'}",2022-03-05 10:28:41+00:00,False,True,True,True,False,False,False,False,False,False,False,False,False,False,False,False,False,False,False,False,-3146559627563667350,mod_russia_en,[],,,,95782,[]
Channel,1503004102,Embajada de Rusia en Argentina - –ü–æ—Å–æ–ª—å—Å—Ç–≤–æ –†–æ—Å—Å–∏–∏ –≤ –ê—Ä–≥–µ–Ω—Ç–∏–Ω–µ,"{'_': 'ChatPhoto', 'photo_id': 5249043939950967257, 'dc_id': 2, 'has_video': False, 'stripped_thumb': b""\x01\x08\x08I'@O\xce9>\xbe\xd4QE\x00\x7f""}",2022-02-26 13:57:56+00:00,False,True,True,True,False,False,False,False,False,True,False,False,False,False,False,False,False,False,False,False,6122805559293961991,EmbRusiaEnArg,[],,,,2841,[]
Channel,1074511071,Russian MFA üá∑üá∫,"{'_': 'ChatPhoto', 'photo_id': 5305600279758094555, 'dc_id': 2, 'has_video': False, 'stripped_thumb': b'\x01\x08\x08\xcd\xfd\xdf\x93\x9e7zw\xa2\x8a+k\x12\x7f'}",2016-11-01 10:38:23+00:00,False,True,True,True,False,False,False,False,False,False,False,False,False,False,False,False,False,False,False,False,1139418833084560036,MFARussia,[],,,,37662,[]
Channel,1535275735,Embajada de Rusia en Cuba,"{'_': 'ChatPhoto', 'photo_id': 5249094839608391716, 'dc_id': 2, 'has_video': False, 'stripped_thumb': b'\x01\x08\x08U\x85|\x922\x06O\xe3E\x14U{F\x88\xe4L'}",2022-02-26 20:39:23+00:00,False,True,True,False,False,False,False,False,False,False,False,False,False,False,False,False,False,False,False,False,1656323896876751673,EmbRusCuba,[],,,,355,[]
Channel,1358935867,Roscongress Directo,"{'_': 'ChatPhoto', 'photo_id': 5447339221342863431, 'dc_id': 2, 'has_video': False, 'stripped_thumb': b'\x01\x08\x08\xa5\xba/#fy\xces\xb7\x9a(\xa2\x91\xd0\xcf'}",2021-02-03 08:07:11+00:00,False,True,True,False,False,False,False,False,False,True,False,False,False,False,False,False,False,False,False,False,-5276772639334644445,RoscongressEsp,[],,,,659,[]
Channel,1617683916,"War in Ukraine, Subtitled","{'_': 'ChatPhoto', 'photo_id': 5841695967341033359, 'dc_id': 4, 'has_video': False, 'stripped_thumb': b'\x01\x08\x08\xcf\xfb0\xff\x00&\x8a(\xac\xfd\xb3\xec\x8e\xbf\xab\xc7\xb9'}",2022-06-09 19:50:47+00:00,False,True,True,False,False,False,False,False,False,False,False,False,False,False,False,False,False,False,False,False,-2210621519744522697,war_subtitled_en,[],,,,3494,[]
Channel,1694528462,Now,"{'_': 'ChatPhoto', 'photo_id': 5424949114447182335, 'dc_id': 2, 'has_video': False, 'stripped_thumb': b'\x01\x08\x08\xcf\xf3R;\x7f-I,y9\x1c\x03E\x14P\x07'}",2022-04-26 20:49:45+00:00,False,True,True,False,False,False,False,False,False,True,False,False,False,False,False,False,False,False,False,False,-27472559080772632,nowyahora,[],,,,1131,[]
Channel,1178174424,IDpublicESP,"{'_': 'ChatPhoto', 'photo_id': 5211215324001714774, 'dc_id': 2, 'has_video': False, 'stripped_thumb': b'\x01\x08\x08\n\xaa\xe4\x15\x00c\xae:\xd1E\x15\x9com\xcd$\x95\xcf'}",2022-03-06 08:29:07+00:00,False,True,True,False,False,False,False,False,False,True,False,False,False,False,False,False,False,False,False,False,5192449114442107844,InfoDefenseESP,[],,,,4053,[]
Channel,1238833987,Rusia en Per√∫,"{'_': 'ChatPhoto', 'photo_id': 5260758489020611282, 'dc_id': 2, 'has_video': False, 'stripped_thumb': b'\x01\x08\x08\x99u\x11\xc2\x9f,c\x1c\x97\xc7\x14QE!\x9f'}",2022-03-02 15:36:51+00:00,False,True,True,True,False,False,False,False,False,False,False,False,False,False,False,False,False,False,False,False,4458871948332528409,rusiaenperu,[],,,,2420,[]
Channel,1338842737,PAX RUSSIKA IBEROAMERICA / –ü–ê–ö–° –†–£–°–°–ò–ö–ê –ò–ë–ï–†–û–ê–ú–ï–†–ò–ö–ê,"{'_': 'ChatPhoto', 'photo_id': 4958794980709739030, 'dc_id': 1, 'has_video': False, 'stripped_thumb': b""\x01\x08\x08\xd1\xcc\x82B0I'\xf0\xc5\x14Q@\x1f""}",2022-04-25 04:50:51+00:00,False,True,True,False,False,False,False,False,False,True,False,False,False,False,False,False,False,False,False,False,-8078137203445420429,PaxRussikaIberoamerica,[],,,,184,[]
Channel,1592163300,Embajada de Rusia en Uruguay,"{'_': 'ChatPhoto', 'photo_id': 5251715650127247157, 'dc_id': 2, 'has_video': False, 'stripped_thumb': b'\x01\x08\x08\xa1\xfb\xbf\xb3\xe7\x8c\xfaw\xcd\x14QZ\xa4#'}",2022-02-27 14:49:28+00:00,False,True,True,False,False,False,False,False,False,False,False,False,False,False,False,False,False,False,False,False,-6436310845280177581,EmbRusUruguay,[],,,,610,[]
Channel,1656509049,Ruben Gisbert,"{'_': 'ChatPhoto', 'photo_id': 5841457966023293474, 'dc_id': 4, 'has_video': False, 'stripped_thumb': b'\x01\x08\x08\xbe\xa5\r\xcf\x98\x1b\x83\xc6\xec\xfe\x94QE;\x05\xcf'}",2022-03-04 00:15:50+00:00,False,True,True,True,False,False,False,False,False,False,False,False,False,False,False,False,False,False,False,False,761276964775769811,rubengisbertoficial,[],,,,46917,[]
Channel,1624111695,"Guerra de Ucrania, subtitulada","{'_': 'ChatPhoto', 'photo_id': 5963312269884505385, 'dc_id': 4, 'has_video': False, 'stripped_thumb': b'\x01\x08\x08\xcf\xfb0\xff\x00&\x8a(\xac\xfd\xb3\xec\x8e\xbf\xab\xc7\xb9'}",2022-04-13 20:16:04+00:00,False,True,True,False,False,False,False,False,False,False,False,False,False,False,False,False,False,False,False,False,-1088008977570771586,rpd_es,[],,,,1851,[]
Channel,1326223284,–†—ã–±–∞—Ä—å,"{'_': 'ChatPhoto', 'photo_id': 5379844007854718198, 'dc_id': 2, 'has_video': False, 'stripped_thumb': b'\x01\x08\x08tw!dh\xb3\xcfa\x8f\xce\x8a(\xaey$\x8e\xa8\xeb{\x9f'}",2018-02-10 18:25:33+00:00,False,True,True,False,False,False,False,False,False,False,False,False,False,False,False,False,False,False,False,False,3481086935138800654,rybar,[],,,,1080368,[]
Channel,1228946795,a user,{'_': 'ChatPhotoEmpty'},2019-03-15 13:01:57+00:00,False,True,True,False,False,False,False,False,False,False,False,False,False,False,False,False,False,False,False,False,-1286368703951297218,HiddenSender,[],,,,328909,[]
Channel,1497566150,Inna Afinogenova,"{'_': 'ChatPhoto', 'photo_id': 5873019030686775807, 'dc_id': 4, 'has_video': False, 'stripped_thumb': b'\x01\x08\x08\xbco#K\xc3\x1bK\x81\x8f\xc0\x1fL\xfa\xd1E\x14l=\xcf'}",2020-09-04 12:39:04+00:00,False,True,True,True,False,False,False,False,False,False,False,False,False,False,False,False,False,False,False,False,5862336025221544438,inafinogenova,[],,,,111793,[]
Channel,1220439828,Semi√≥n S√©nderov,"{'_': 'ChatPhoto', 'photo_id': 5280633673521149291, 'dc_id': 2, 'has_video': False, 'stripped_thumb': b'\x01\x08\x08Cp\xe6`B\x80H\xdbE\x14Sl\x12?'}",2021-05-22 15:32:37+00:00,False,True,True,False,False,False,False,False,False,True,False,False,False,False,False,False,False,False,False,False,-6946366132698755814,Senderov_RT,[],,,,9394,[]
Channel,1336799876,Russia Beyond en espa√±ol,"{'_': 'ChatPhoto', 'photo_id': 5449706749050340344, 'dc_id': 2, 'has_video': False, 'stripped_thumb': b'\x01\x08\x08\xd3\xc4\xbev\xec\xfc\x99\xc6=\xb1\xd6\x8a(\xa0\x1b\xb9'}",2022-02-22 08:14:27+00:00,False,True,True,False,False,False,False,False,False,False,False,False,False,False,False,False,False,False,False,False,7302714611906065633,russiabeyondes,[],,,,4220,[]
Channel,1701685420,–†–û–õ–ò–ö–ò –ù–ê –†–ê–ó–ù–´–• –Ø–ó–´–ö–ê–•,"{'_': 'ChatPhoto', 'photo_id': 5411362213039552211, 'dc_id': 2, 'has_video': False, 'stripped_thumb': b'\x01\x08\x08\xd2\xfd\xff\x00\x9b\xfc\x1b3E\x14P\x07'}",2022-04-21 14:38:38+00:00,False,True,True,False,False,False,False,False,False,False,False,False,False,False,False,False,False,False,False,False,3702173252220776066,video_languages,[],,,,17148,[]
Channel,1644386175,Comit√© Galego de Apoio ao Donbass,"{'_': 'ChatPhoto', 'photo_id': 5888915709671618143, 'dc_id': 4, 'has_video': False, 'stripped_thumb': b'\x01\x08\x08B\x1br\x90[v~a\xdb\xad\x14Q\\r\x91\xd6\xa2\x7f'}",2022-03-20 16:18:05+00:00,False,True,True,False,False,False,False,False,False,False,False,False,False,False,False,False,False,False,False,False,225865975805094878,CG_Donbass,[],,,,185,[]
Channel,1766679337,DPR MFA,"{'_': 'ChatPhoto', 'photo_id': 5409310786335128252, 'dc_id': 2, 'has_video': False, 'stripped_thumb': b'\x01\x08\x08\xa9\xb6\xdf\xcb\xdf\xcfLc\xde\x8a(\xaaQ\xbfQ\\'}",2022-03-11 08:36:39+00:00,False,True,True,False,False,False,False,False,False,False,False,False,False,False,False,False,False,False,False,False,8864211091506942909,dpr_mfa,[],,,,3400,[]
Channel,1642508293,Comit√© de Solidaridad Donb√°s,"{'_': 'ChatPhoto', 'photo_id': 5861436594811156969, 'dc_id': 4, 'has_video': False, 'stripped_thumb': b'\x01\x08\x08\xd1\x0b7\xdaI,\xde_\xa7aE\x14P\x07'}",2022-03-11 08:51:59+00:00,False,True,True,False,False,False,False,False,False,True,False,False,False,False,False,False,False,False,False,False,-135741303543085883,ApoyoDonbas,[],,,,237,[]
Channel,1763071465,Embajada de Rusia en Mexico,"{'_': 'ChatPhoto', 'photo_id': 5246723347646102593, 'dc_id': 2, 'has_video': False, 'stripped_thumb': b'\x01\x08\x08\xa1\xfb\xbf\xb3\xe7\x8c\xe3\xa6y\xcd\x14QZ\xa4#'}",2022-02-26 01:30:46+00:00,False,True,True,True,False,False,False,False,False,False,False,False,False,False,False,False,False,False,False,False,-5600658955735885715,embrusiamexico,[],,,,10882,[]
Channel,1272156698,RT Futuro,"{'_': 'ChatPhoto', 'photo_id': 5255834270361041377, 'dc_id': 2, 'has_video': False, 'stripped_thumb': b'\x01\x08\x08\x9b\xf7\xfb\xcf)\xb7?\x8e3\xfe\x14QEly\xbc\xc7'}",2022-03-01 15:20:07+00:00,False,True,True,False,False,False,False,False,False,True,False,False,False,False,False,False,False,False,False,False,-5940496878337579415,RTfuturo,[],,,,12034,[]
Channel,1597438018,Embajada de Rusia en Panam√° / –ü–æ—Å–æ–ª—å—Å—Ç–≤–æ –†–æ—Å—Å–∏–∏ –≤ –ü–∞–Ω–∞–º–µ,"{'_': 'ChatPhoto', 'photo_id': 5283253397413280439, 'dc_id': 2, 'has_video': False, 'stripped_thumb': b'\x01\x08\x08\xa3\x94\xf2:\r\xd4QEl\x8c\xcf'}",2022-02-26 02:42:23+00:00,False,True,True,False,False,False,False,False,False,False,False,False,False,False,False,False,False,False,False,False,-9024755082996057259,EmbRusPan,[],,,,332,[]
Channel,1618643037,Rusia en Colombia,"{'_': 'ChatPhoto', 'photo_id': 4977022091769522597, 'dc_id': 1, 'has_video': False, 'stripped_thumb': b'\x01\x08\x08\xcd\xfd\xdf\x93\xfe\xdd\x14QZ\xd8\x93'}",2022-03-04 14:17:18+00:00,False,True,True,False,False,False,False,False,False,False,False,False,False,False,False,False,False,False,False,False,-1753877215592008466,rusiaencolombia,[],,,,393,[]
Channel,1625506225,Embajada de Rusia en Chile,"{'_': 'ChatPhoto', 'photo_id': 4958670392298416636, 'dc_id': 1, 'has_video': False, 'stripped_thumb': b'\x01\x08\x08g\xfaO\xda3\x86\xf3\xf7c\x1f\xe7\xb5\x14QN\xe0\x7f'}",2022-02-26 04:47:55+00:00,False,True,True,False,False,False,False,False,False,False,False,False,False,False,False,False,False,False,False,False,-7579710211677762657,embruschile,[],,,,317,[]
Channel,1635652766,Rusia Multifac√©tica,"{'_': 'ChatPhoto', 'photo_id': 5348479699938032783, 'dc_id': 2, 'has_video': False, 'stripped_thumb': b""\x01\x08\x08V\xb9\x98D\t+\xbc\xf6\xc7\x14QE'Q\xae\x88\xe9\x85\x18\xc9j\x7f""}",2022-02-25 17:13:31+00:00,False,True,True,False,False,False,False,False,False,True,False,False,False,False,False,False,False,False,False,False,1476349817915209600,rusiamultifacetica,[],,,,377,[]
Channel,1616473846,Casa Rusa en Buenos Airesüá¶üá∑,"{'_': 'ChatPhoto', 'photo_id': 4965223816607410791, 'dc_id': 1, 'has_video': False, 'stripped_thumb': b'\x01\x08\x08o\xee\xbc\x9f\xf6\xf1\xfa\xd1E\x15\xd6\x8eV\xcf'}",2022-02-28 16:39:46+00:00,False,True,True,False,False,False,False,False,False,True,False,False,False,False,False,False,False,False,False,False,443736613905896250,CasaRusaEnBuenosAires,[],,,,446,[]
Channel,1661629873,Casa Rusa en Buenos Airesüá¶üá∑ Chat,"{'_': 'ChatPhoto', 'photo_id': 5123019282974878190, 'dc_id': 1, 'has_video': False, 'stripped_thumb': b'\x01\x08\x08y@\t\x8c\xe7b\xf1\x828\xc5\x14QHg'}",2022-07-28 16:56:52+00:00,False,True,False,False,True,False,False,False,False,True,False,False,False,False,False,False,False,False,False,False,-1564698921411827273,casarusa_buenos_aires,[],,,"{'_': 'ChatBannedRights', 'until_date': datetime.datetime(2038, 1, 19, 3, 14, 7, tzinfo=datetime.timezone.utc), 'view_messages': False, 'send_messages': False, 'send_media': False, 'send_stickers': False, 'send_gifs': False, 'send_games': False, 'send_inline': False, 'embed_links': False, 'send_polls': False, 'change_info': True, 'invite_users': True, 'pin_messages': True, 'manage_topics': False}",20,[]
Channel,1720152832,EmbajadaRusaVen,"{'_': 'ChatPhoto', 'photo_id': 4963261845481826918, 'dc_id': 1, 'has_video': False, 'stripped_thumb': b""\x01\x08\x08\x8f|\xbb\xf1\xb7\xfd'?\x8e\x7f\xc2\x8a(\xa6\xb4\x1b?""}",2022-02-28 15:48:54+00:00,False,True,True,False,False,False,False,False,False,True,False,False,False,False,False,False,False,False,False,False,9115617296934541622,embajadarusaven,[],,,,506,[]
Channel,1425882738,"¬øQU√â PASA, LATINOAM√âRICA?","{'_': 'ChatPhoto', 'photo_id': 5238158366814092359, 'dc_id': 2, 'has_video': False, 'stripped_thumb': b'\x01\x08\x08\xbcL\x80)EP3\x83\x93\x9c\xd1E\x14X\x0f'}",2021-04-07 15:11:18+00:00,False,True,True,False,False,False,False,False,False,True,False,False,False,False,False,False,False,False,False,False,-396802314684032069,enotvlatinoamerica,[],,,,11921,[]
Channel,1470143719,"¬øQU√â PASA, LATINOAM√âRICA? Chat",{'_': 'ChatPhotoEmpty'},2021-07-28 19:44:25+00:00,False,True,False,False,True,False,False,False,False,True,False,True,False,False,False,False,False,False,False,False,-1511029850630529679,enotvlatam,[],,,"{'_': 'ChatBannedRights', 'until_date': datetime.datetime(2038, 1, 19, 3, 14, 7, tzinfo=datetime.timezone.utc), 'view_messages': False, 'send_messages': False, 'send_media': True, 'send_stickers': False, 'send_gifs': False, 'send_games': False, 'send_inline': False, 'embed_links': True, 'send_polls': True, 'change_info': True, 'invite_users': True, 'pin_messages': True, 'manage_topics': False}",104,[]
Channel,1153203443,Pandemias y Vacunas,"{'_': 'ChatPhoto', 'photo_id': 5030529996933933722, 'dc_id': 1, 'has_video': False, 'stripped_thumb': b'\x01\x08\x08\xb5\x963\x01\xb7\xe5\xee{c\x14QERD\xb3'}",2021-01-15 20:23:27+00:00,False,True,True,False,False,False,False,False,False,True,False,False,False,False,False,False,False,False,False,False,5181219980672644349,PandemiaYVacunas,[],,,,2117,[]
Channel,1769631505,Embajada de Rusia en Nicaragua,"{'_': 'ChatPhoto', 'photo_id': 5285106589902158174, 'dc_id': 2, 'has_video': False, 'stripped_thumb': b'\x01\x08\x08\xa1\xfb\xbf\xb3\xe7\x8c\xfaw\xcd\x14QZ\xa4#'}",2022-06-16 05:22:09+00:00,False,True,True,False,False,False,False,False,False,False,False,False,False,False,False,False,False,False,False,False,4831564043809182559,EmbRusNic,[],,,,206,[]
Channel,1490794875,Canal 4 Nicaragua,"{'_': 'ChatPhoto', 'photo_id': 2097853450220054445, 'dc_id': 1, 'has_video': False, 'stripped_thumb': b'\x01\x08\x08\x87\xf7~V{\xd1E\x15\xd2s\xee\x7f'}",2018-10-22 16:18:12+00:00,False,True,True,True,False,False,False,False,False,False,False,False,False,False,False,False,False,False,False,False,7098294864519969378,canal4noticias,[],,,,790,[]
Channel,1187639879,La lista de Erick,"{'_': 'ChatPhoto', 'photo_id': 5298857065139253997, 'dc_id': 2, 'has_video': False, 'stripped_thumb': b'\x01\x08\x08U\x8e\xdcF\xcd\x94 \xa8\xc7^8\xe6\x8a(\xa9z\xb1\xa7us'}",2021-05-19 10:39:41+00:00,False,True,True,False,False,False,False,False,False,True,False,False,False,False,False,False,False,False,False,False,-7068679815251337694,lalistadeerick,[],,,,6832,[]
Channel,1080641057,RT en Espa√±ol,{'_': 'ChatPhotoEmpty'},2016-08-16 14:47:41+00:00,False,True,True,True,False,True,False,False,False,True,False,False,False,False,False,False,False,False,False,False,7719004564923395587,rtnoticias,"[{'_': 'RestrictionReason', 'platform': 'all', 'reason': 'law', 'text': 'This channel can‚Äôt be displayed because it violated local laws.'}]",,,,167204,[]
Channel,1076199425,Sputnik Mundo,{'_': 'ChatPhotoEmpty'},2016-09-22 10:07:31+00:00,False,True,True,True,False,True,False,False,False,True,False,False,False,False,False,False,False,False,False,False,1447768367844369476,SputnikMundo,"[{'_': 'RestrictionReason', 'platform': 'all', 'reason': 'law', 'text': 'This channel can‚Äôt be displayed because it violated local laws.'}]",,,,35353,[]
Channel,1691625146,CASA DE RUSIA EN NICARAGUA,"{'_': 'ChatPhoto', 'photo_id': 5399957322522016652, 'dc_id': 2, 'has_video': False, 'stripped_thumb': b'\x01\x08\x08g\xee\xbc\x8e~\xfe\xdf\xd6\x8a(\xacnz\t\x1f'}",2022-07-24 01:11:13+00:00,False,True,True,False,False,False,False,False,False,False,False,False,False,False,False,False,False,False,False,False,5035390901133210119,casarusa,[],,,,123,[]
Channel,1387846699,La guerra contra las falsificaciones,"{'_': 'ChatPhoto', 'photo_id': 5348559921337187370, 'dc_id': 2, 'has_video': False, 'stripped_thumb': b'\x01\x08\x08b\xc9?\xdaH\xda\xc6]\xdf\xdd9\xfc\xe8\xa2\x8a\x91\xb3'}",2022-04-01 13:35:02+00:00,False,True,True,False,False,False,False,False,False,False,False,False,False,False,False,False,False,False,False,False,-1060346825442090831,waronfakeses,[],,,,180,[]
Channel,1615618539,–ó–∞—Ä–∏–Ω–∞ –î–æ–≥—É–∑–æ–≤–∞,"{'_': 'ChatPhoto', 'photo_id': 5289946098921748284, 'dc_id': 2, 'has_video': False, 'stripped_thumb': b'\x01\x08\x08\xa0B\xec\x1f\xde\xdd\xfaQE\x14\x86\x7f'}",2022-03-01 09:14:36+00:00,False,True,True,True,False,False,False,False,False,True,False,False,False,False,False,False,False,False,False,False,180765579812106994,doguzova_zv,[],,,,21541,[]
Channel,1706947495,–ö–≤–æ—Ç—ã –ü—Ä–∞–≤–∏—Ç–µ–ª—å—Å—Ç–≤–∞ –†–æ—Å—Å–∏–π—Å–∫–æ–π –§–µ–¥–µ—Ä–∞—Ü–∏–∏,"{'_': 'ChatPhoto', 'photo_id': 5271523060043858093, 'dc_id': 2, 'has_video': False, 'stripped_thumb': b'\x01\x08\x08\xbc\xdeg\xdaWn\xfe\xbf6zQE\x14\xd8\x91'}",2022-12-23 06:21:47+00:00,False,True,True,False,False,False,False,False,False,False,False,False,False,False,False,False,False,False,False,False,-7397619652806217987,kvota_rossotrudnichestvo,[],,,,205,[]
Channel,1265785913,–ö–æ–Ω—Å—É–ª—å—Å–∫–∏–π –¥–µ–ø–∞—Ä—Ç–∞–º–µ–Ω—Ç –ú–ò–î –†–æ—Å—Å–∏–∏,"{'_': 'ChatPhoto', 'photo_id': 5449514678112863584, 'dc_id': 2, 'has_video': False, 'stripped_thumb': b'\x01\x08\x08\x8b0\xf9\x1dF\xef\xa1\xce\x7f\xc2\x8a(\xaaB?'}",2021-06-11 07:32:57+00:00,False,True,True,False,False,False,False,False,False,False,False,False,False,False,False,False,False,False,False,False,8509484169273466383,kd_mid,[],,,,7796,[]
Channel,1693134999,–†–∞—Å—Å–∫–∞–∑—ã–≤–∞–µ–º –æ –ï–ê–≠–°,"{'_': 'ChatPhoto', 'photo_id': 5417976879287221096, 'dc_id': 2, 'has_video': False, 'stripped_thumb': b'\x01\x08\x08\x95do/\xfe>\xc6\xd09\x1bh\xa2\x8ahG'}",2022-04-25 06:48:58+00:00,False,True,True,False,False,False,False,False,False,False,False,False,False,False,False,False,False,False,False,False,-4758238446160402242,MidRusEvrazes,[],,,,615,[]
Channel,1228559511,Russian Ocean Way. –ö—Ä—É–≥–æ—Å–≤–µ—Ç–∫–∞ –Ω–∞ —Ç—Ä–∏–º–∞—Ä–∞–Ω–µ,"{'_': 'ChatPhoto', 'photo_id': 5359507900348872566, 'dc_id': 2, 'has_video': False, 'stripped_thumb': b'\x01\x08\x08\x81|\xbf+\xa8\xcd\x14QS)\xda\xda\x1dt\xa9\xde\xfa\xbd\xcf'}",2020-08-12 12:37:43+00:00,False,True,True,False,False,False,False,False,False,False,False,False,False,False,False,False,False,False,False,False,-5059307706245807041,russianoceanway,[],,,,428,[]
Channel,1453453123,Alexander Dugin | Z,"{'_': 'ChatPhoto', 'photo_id': 5015239518223182580, 'dc_id': 1, 'has_video': True, 'stripped_thumb': b'\x01\x08\x08\x9b\xcd\x199\xe3\x1e\xf4QE/h\xc3\x91\x1f'}",2021-01-12 09:46:53+00:00,False,True,True,False,False,False,False,False,False,True,False,False,False,False,False,False,False,False,False,False,2018483470674488675,Dugin_Aleksandr,[],,,,16020,[]
Channel,1511712900,Alexander Dugin | Z Chat,"{'_': 'ChatPhoto', 'photo_id': 4963042750610123317, 'dc_id': 1, 'has_video': False, 'stripped_thumb': b'\x01\x08\x08\xb0J\xfd\x980\xebE\x14W%\x91\xd0\x8f'}",2022-02-28 02:10:36+00:00,False,True,False,False,True,False,False,False,False,True,False,True,False,False,False,False,False,True,True,False,3118765210178633779,duginchat,[],,,"{'_': 'ChatBannedRights', 'until_date': datetime.datetime(2038, 1, 19, 3, 14, 7, tzinfo=datetime.timezone.utc), 'view_messages': False, 'send_messages': False, 'send_media': True, 'send_stickers': True, 'send_gifs': True, 'send_games': True, 'send_inline': True, 'embed_links': True, 'send_polls': True, 'change_info': True, 'invite_users': True, 'pin_messages': True, 'manage_topics': True}",1331,[]
Channel,1588138066,Mauricio Ampuero,"{'_': 'ChatPhoto', 'photo_id': 5321185990225804094, 'dc_id': 2, 'has_video': False, 'stripped_thumb': b'\x01\x08\x08\x16r\xf7o\x1e\xd0\x061\xc0\xa2\x8a)\x01'}",2021-07-09 20:09:30+00:00,False,True,True,False,False,False,False,False,False,True,False,False,False,False,False,False,False,False,False,False,-4555309023533779989,Mauricio_Ampuero,[],,,,5548,[]
Channel,1660937749,Rep√∫blica Z,"{'_': 'ChatPhoto', 'photo_id': 5875319685753453421, 'dc_id': 4, 'has_video': False, 'stripped_thumb': b'\x01\x08\x08g\xfa&\x7f\xe5\xa6(\xa2\x8a\xd3\xea\xb1\xee\xce\xcb\xbe\xe7'}",2022-03-15 15:44:54+00:00,False,True,True,False,False,False,False,False,False,True,False,False,False,False,False,False,False,False,False,False,2175376219404577016,RepublicaZ,[],,,,1387,[]
Channel,1654044718,Embaixada da R√∫ssia no Brasil,"{'_': 'ChatPhoto', 'photo_id': 4962981899513473772, 'dc_id': 1, 'has_video': False, 'stripped_thumb': b'\x01\x08\x08\xcd\xfd\xdf\x93\xfe\xdd\x14QZ\x92\x7f'}",2022-02-28 13:13:20+00:00,False,True,True,True,False,False,False,False,False,False,False,False,False,False,False,False,False,False,False,False,-3014101022313080120,embaixadarussa,[],,,,1581,[]
Channel,1065276858,–ú–ò–î –†–æ—Å—Å–∏–∏ üá∑üá∫,"{'_': 'ChatPhoto', 'photo_id': 5305323555015212775, 'dc_id': 2, 'has_video': False, 'stripped_thumb': b'\x01\x08\x08\xcd\xfd\xdf\x93\x9e7zw\xa2\x8a+k\x12\x7f'}",2016-11-01 10:35:02+00:00,False,True,True,True,False,False,False,False,False,False,False,False,False,False,False,False,False,False,False,False,6620132778647817446,MID_Russia,[],,,,115413,[]
Channel,1717182747,Embrusguate,"{'_': 'ChatPhoto', 'photo_id': 4965279079951608284, 'dc_id': 1, 'has_video': False, 'stripped_thumb': b'\x01\x08\x08\xa1\xfb\xbf\xb3\xe7\x8c\xfaw\xcd\x14QZ\xa4#'}",2022-02-28 19:03:22+00:00,False,True,True,False,False,False,False,False,False,True,False,False,False,False,False,False,False,False,False,False,2750730865177239814,embrusguate,[],,,,155,[]
Channel,1617467346,Sergio Brilev / –°–µ—Ä—Ö–∏–æ –ë—Ä–∏–ª–µ–≤,"{'_': 'ChatPhoto', 'photo_id': 5388855364637801065, 'dc_id': 2, 'has_video': False, 'stripped_thumb': b'\x01\x08\x08\xb0\xce\xde\x7f\xcb.\x17\xe9\xc7\xd2\x8a(\xa7\xca\x98\\'}",2022-07-21 10:48:05+00:00,False,True,True,False,False,False,False,False,False,False,False,False,False,False,False,False,False,False,False,False,-1484504777831588846,sergiobrilev,[],,,,2428,[]
Channel,1052590705,Cubadebate,"{'_': 'ChatPhoto', 'photo_id': 4902716168251485156, 'dc_id': 1, 'has_video': False, 'stripped_thumb': b'\x01\x08\x08\x9eO?\xedK\xb7\xce\xdd\xe6v\xfb\xb8\xff\x00\x0cQE\x14\x8aoS'}",2016-11-07 17:50:46+00:00,False,True,True,False,False,False,False,False,False,True,False,False,False,False,False,False,False,False,False,False,-3944186268455360271,cubadebate,[],,,,49507,[]
Channel,1790514079,Debate Cuba,"{'_': 'ChatPhoto', 'photo_id': 5773886521160613062, 'dc_id': 4, 'has_video': True, 'stripped_thumb': b'\x01\x08\x08\xcf$4\x03\x00\xee\xefE\x14T\\\xeb\xe4M&\xcf'}",2023-03-05 00:19:31+00:00,False,True,False,False,True,False,False,False,False,True,False,True,False,False,False,False,False,True,False,False,7942906457318431398,debatecu,[],,,"{'_': 'ChatBannedRights', 'until_date': datetime.datetime(2038, 1, 19, 3, 14, 7, tzinfo=datetime.timezone.utc), 'view_messages': False, 'send_messages': False, 'send_media': True, 'send_stickers': False, 'send_gifs': False, 'send_games': True, 'send_inline': True, 'embed_links': True, 'send_polls': True, 'change_info': True, 'invite_users': True, 'pin_messages': True, 'manage_topics': True}",747,[]
Channel,1573843926,Tribuna Oriental Portal,"{'_': 'ChatPhoto', 'photo_id': 4999266225611713053, 'dc_id': 1, 'has_video': False, 'stripped_thumb': b'\x01\x08\x08\x89^\xd6+ \xc9\xb0\xb1^\xbcnV\xc7\xe7\xd6\x8a(\xa0\x0f'}",2022-02-27 19:50:35+00:00,False,True,True,False,False,False,False,False,False,False,False,False,False,False,False,False,False,False,False,False,-8680900611118479476,torientaluy,[],,,,36,[]
Channel,1641520356,Juan Sinmiedo/Fearless John/Ukraine exposed. @Youblacksoul,"{'_': 'ChatPhoto', 'photo_id': 5821028417208958352, 'dc_id': 4, 'has_video': False, 'stripped_thumb': b'\x01\x08\x08\x8d\xaeX:\xecv\xe4\xe7\x06\x8a(\xabI\x12\xdb?'}",2022-03-20 17:51:42+00:00,False,True,True,False,False,False,False,False,False,False,False,False,False,False,False,False,False,False,False,False,-1174781008238289346,UkraineHumanRightsAbuses,[],,,,54774,[]
Channel,1139728061,Wofnon,"{'_': 'ChatPhoto', 'photo_id': 5076099544109919272, 'dc_id': 1, 'has_video': True, 'stripped_thumb': b'\x01\x08\x08\xa8n\x9b\xe5;\x9b\x03\xb7\xad\x14QQ\xca\x8d\xb9\x9a?'}",2017-09-11 06:05:36+00:00,False,True,True,False,False,False,False,False,False,True,False,False,False,False,False,False,False,False,False,False,6533396979023099717,wofnon,[],,,,27374,[]
Channel,1439260832,Wofnon,"{'_': 'ChatPhoto', 'photo_id': 4974780647121987701, 'dc_id': 1, 'has_video': False, 'stripped_thumb': b'\x01\x08\x08\xaanNA\xdc\xd8\x03\xa7\xad\x14Q[]\xa2O'}",2020-10-06 00:19:53+00:00,False,True,False,False,True,False,False,False,False,True,False,False,False,False,False,False,False,False,False,False,-8875818754351396205,wofnonchat,[],,,"{'_': 'ChatBannedRights', 'until_date': datetime.datetime(2038, 1, 19, 3, 14, 7, tzinfo=datetime.timezone.utc), 'view_messages': False, 'send_messages': False, 'send_media': True, 'send_stickers': True, 'send_gifs': True, 'send_games': True, 'send_inline': True, 'embed_links': True, 'send_polls': True, 'change_info': True, 'invite_users': True, 'pin_messages': True, 'manage_topics': False}",1961,[]
Channel,1581738563,Verdad vs falsedad,"{'_': 'ChatPhoto', 'photo_id': 5303489840203021597, 'dc_id': 2, 'has_video': False, 'stripped_thumb': b'\x01\x08\x08\xbb\x92\xd7\x9c\x96\x05z\x0e\xd8\xa2\x8a*\x10\xd9'}",2022-03-17 10:58:43+00:00,False,True,True,False,False,False,False,False,False,False,False,False,False,False,False,False,False,False,False,False,7034703599376835962,verdad_vs_falso,[],,,,80,[]
Channel,1326567856,Montevideo Portal,"{'_': 'ChatPhoto', 'photo_id': 5100528463391074671, 'dc_id': 1, 'has_video': False, 'stripped_thumb': b'\x01\x08\x08\x97\xf7~^8\xce(\xa2\x8a\xc4\xefH'}",2018-03-31 14:42:06+00:00,False,True,True,False,False,False,False,False,False,True,False,False,False,False,False,False,False,False,False,False,2785817043690557251,MontevideoPortal,[],,,,566,[]
Channel,1795314233,–ü–æ—Å–æ–ª—å—Å—Ç–≤–æ –†–æ—Å—Å–∏–∏ –≤ –≠–∫–≤–∞–¥–æ—Ä–µ üá∑üá∫üá™üá®,"{'_': 'ChatPhoto', 'photo_id': 5269407926089529989, 'dc_id': 2, 'has_video': False, 'stripped_thumb': b'\x01\x08\x08\x08\xc2\xff\x00\xf5\xe8\xa2\x8a\xa7&\n\t\x9f'}",2021-11-15 16:12:56+00:00,False,True,True,True,False,False,False,False,False,True,False,False,False,False,False,False,False,False,False,False,-7911938811492851005,EmbRusEc,[],,,,532,[]
Channel,1301168156,–°–õ–£–¶–ö–ò–ô,"{'_': 'ChatPhoto', 'photo_id': 6181167064787522, 'dc_id': 2, 'has_video': False, 'stripped_thumb': b'\x01\x08\x08m\x95\xf13\x03 !:p\x0e\x05\x14QR\xdd\x8a\xb1'}",2018-04-16 05:46:58+00:00,False,True,True,False,False,False,False,False,False,False,False,False,False,False,False,False,False,False,False,False,8886738841022271968,slutsky_l,[],,,,91894,[]
Channel,1089474371,–ï–≤—Ä–∞–∑–∏–π—Å–∫–∞—è —ç–∫–æ–Ω–æ–º–∏—á–µ—Å–∫–∞—è –∫–æ–º–∏—Å—Å–∏—è,"{'_': 'ChatPhoto', 'photo_id': 5463096790631954093, 'dc_id': 2, 'has_video': False, 'stripped_thumb': b'\x01\x08\x08\xa5\xf2\x14\xf48\xa2\x8a+s\x13'}",2017-01-09 06:26:00+00:00,False,True,True,True,False,False,False,False,False,True,False,False,False,False,False,False,False,False,False,False,6333893020517294454,EECommission,[],,,,5544,[]
Channel,1562062076,–î–∏–ø–ª–æ–º–∞—Ç–∏—á–µ—Å–∫–∏–π –∏—Å—Ç–æ—á–Ω–∏–∫,"{'_': 'ChatPhoto', 'photo_id': 5420559997173085129, 'dc_id': 2, 'has_video': False, 'stripped_thumb': b'\x01\x08\x08\xa5\xb6\x1f\xb2u\xed\x9e\xbd\xe8\xa2\x8aHg'}",2021-07-08 15:50:10+00:00,False,True,True,False,False,False,False,False,False,False,False,False,False,False,False,False,False,False,False,False,-2159090304337309989,diplosource,[],,,,2191,[]
Channel,1633525712,Russia in Belarus,"{'_': 'ChatPhoto', 'photo_id': 5296491813764446309, 'dc_id': 2, 'has_video': False, 'stripped_thumb': b""\x01\x08\x08\xaf\xfb\xaf'\xbe\xfa(\xa2\xb69\xcf""}",2022-02-26 16:58:00+00:00,False,True,True,False,False,False,False,False,False,False,False,False,False,False,False,False,False,False,False,False,4320400732681941022,RusEmbassyMinsk,[],,,,859,[]
Channel,1128101301,–ü—Ä–µ–∑–∏–¥–µ–Ω—Ç –†–æ—Å—Å–∏–∏,"{'_': 'ChatPhoto', 'photo_id': 1442491893831280556, 'dc_id': 2, 'has_video': False, 'stripped_thumb': b'\x01\x08\x08\xa7\xfe\x8f\xf6m\xd8\x1b\xb1\xeb\xceqE\x14V\xa2?'}",2017-09-14 15:35:01+00:00,False,True,True,False,False,False,False,False,False,False,False,False,False,False,False,False,False,False,False,False,994176615590622288,kremlininfo,[],,,,7217,[]
Channel,1356558570,–ì–†–ò–ì–û–†–¨–ï–í,"{'_': 'ChatPhoto', 'photo_id': 5418014254092629037, 'dc_id': 2, 'has_video': False, 'stripped_thumb': b'\x01\x08\x08\x92;\xcd\xf3\x8d\xca@\xe80x\xfch\xa2\x8am\n\xe7'}",2021-03-23 04:41:54+00:00,False,True,True,False,False,False,False,False,False,True,False,False,False,False,False,False,False,False,False,False,-6639130690679547002,maximgrigoryev,[],,,,16497,[]
Channel,1551902892,–ì–†–ò–ì–û–†–¨–ï–í Chat,{'_': 'ChatPhotoEmpty'},2022-04-03 18:52:24+00:00,False,True,False,False,True,False,False,False,False,True,False,False,False,False,False,False,False,False,False,False,-3915207295140472989,grigoryev_chat,[],,,"{'_': 'ChatBannedRights', 'until_date': datetime.datetime(2038, 1, 19, 3, 14, 7, tzinfo=datetime.timezone.utc), 'view_messages': False, 'send_messages': False, 'send_media': False, 'send_stickers': False, 'send_gifs': False, 'send_games': False, 'send_inline': False, 'embed_links': False, 'send_polls': False, 'change_info': True, 'invite_users': True, 'pin_messages': True, 'manage_topics': False}",61,[]
Channel,1185291903,–ú—ÉZ–µ–π –ü–æ–±–µ–¥—ã,"{'_': 'ChatPhoto', 'photo_id': 5260694137525615102, 'dc_id': 2, 'has_video': False, 'stripped_thumb': b'\x01\x08\x08\xd6;\x8c\x83\x93\x8c\xfaQE\x14\x01'}",2018-02-05 12:02:25+00:00,False,True,True,False,False,False,False,False,False,False,False,False,False,False,False,False,False,False,False,False,-1039644781253840269,muzeypobedy,[],,,,4343,[]
Channel,1328631020,–ü–æ—Å–æ–ª—å—Å—Ç–≤–æ –†–æ—Å—Å–∏–∏ –≤ –ö–æ—Å—Ç–∞-–†–∏–∫–µ / Embajada de Rusia en Costa Rica,"{'_': 'ChatPhoto', 'photo_id': 5004054156369046004, 'dc_id': 1, 'has_video': False, 'stripped_thumb': b'\x01\x08\x08\xa1\xfb\xbf\xb3\xe7\x8c\xf4\xc7|\xd1E\x15\xaaB?'}",2022-03-13 21:46:01+00:00,False,True,True,False,False,False,False,False,False,False,False,False,False,False,False,False,False,False,False,False,-8797216951980637802,EmbajadaRusa_CR,[],,,,187,[]
Channel,1526452346,–ü—Ä–∞–≤–∏—Ç–µ–ª—å—Å—Ç–≤–æ –†–æ—Å—Å–∏–∏,"{'_': 'ChatPhoto', 'photo_id': 5402373692597581426, 'dc_id': 2, 'has_video': False, 'stripped_thumb': b'\x01\x08\x08\x83\xf7^W\xfb^\xb9\xa2\x8a+\xac\xe7?'}",2021-08-31 07:47:42+00:00,False,True,True,True,False,False,False,False,False,False,False,False,False,False,False,False,False,False,False,False,-5370614289702902246,government_rus,[],,,,143101,[]
Channel,1156177275,–¶–µ–Ω—Ç—Ä –ê–≥—Ä–æ–∞–Ω–∞–ª–∏—Ç–∏–∫–∏ –ú–∏–Ω—Å–µ–ª—å—Ö–æ–∑–∞ –†–æ—Å—Å–∏–∏,"{'_': 'ChatPhoto', 'photo_id': 5323646650004129021, 'dc_id': 2, 'has_video': False, 'stripped_thumb': b'\x01\x08\x08\xd6*w\x86\xfc:\xd1E\x14\x01'}",2019-08-07 06:51:13+00:00,False,True,True,False,False,False,False,False,False,False,False,False,False,False,False,False,False,False,False,False,1757938184694689839,mcxcias,[],,,,2427,[]
Channel,1082968817,–ú–∏–Ω–æ–±–æ—Ä–æ–Ω—ã –†–æ—Å—Å–∏–∏,"{'_': 'ChatPhoto', 'photo_id': 5323480602273497688, 'dc_id': 2, 'has_video': False, 'stripped_thumb': b'\x01\x08\x08\x90\xbbn\x18\xc6;\xd1E\x14\x01'}",2016-12-10 20:56:39+00:00,False,True,True,True,False,False,False,False,False,False,False,False,False,False,False,False,False,False,False,False,2883654646725779945,mod_russia,[],,,,479470,[]
Channel,1472186202,–ú–∞—Ä–∏—è –ó–∞—Ö–∞—Ä–æ–≤–∞,"{'_': 'ChatPhoto', 'photo_id': 5307590507473516391, 'dc_id': 2, 'has_video': False, 'stripped_thumb': b'\x01\x08\x08\xa2\xca\x8c\xbeZ\x93\xb8\x0c\x93\x8e3\xe9E\x14T6\xd0\x99'}",2021-05-31 22:11:58+00:00,False,True,True,True,False,False,False,False,False,True,False,False,False,False,False,False,False,False,False,False,-6376030061783081405,MariaVladimirovnaZakharova,[],,,,528957,[]
Channel,1347278035,–ü–æ—Å—Ç–ø—Ä–µ–¥—Å—Ç–≤–æ –†–æ—Å—Å–∏–∏ –ø—Ä–∏ –û–û–ù,"{'_': 'ChatPhoto', 'photo_id': 4985925219671714432, 'dc_id': 1, 'has_video': False, 'stripped_thumb': b'\x01\x08\x08Ekad\xf9U)\x8c\x0c\xf5\xcd\x14QZ\xb7n\x86J7\xea\x7f'}",2017-12-13 16:49:26+00:00,False,True,True,True,False,False,False,False,False,False,False,False,False,False,False,False,False,False,False,False,-4170963078218533189,russiaun,[],,,,3203,[]
Channel,1265358047,–°–ú–î –ú–ò–î –†–æ—Å—Å–∏–∏ üá∑üá∫,"{'_': 'ChatPhoto', 'photo_id': 5282835832102829334, 'dc_id': 2, 'has_video': False, 'stripped_thumb': b'\x01\x08\x08\xab\xba\xdf\xec\xf8\xf2\xcf\x99\xeb\x9a(\xa2\xa9\r\x9f'}",2021-01-23 12:53:34+00:00,False,True,True,False,False,False,False,False,False,False,False,False,False,False,False,False,False,False,False,False,342063566041849288,smdmid,[],,,,963,[]
Channel,1653406947,Lomovka,"{'_': 'ChatPhoto', 'photo_id': 5242724694438820887, 'dc_id': 2, 'has_video': False, 'stripped_thumb': b'\x01\x08\x08na\xf2\xf1\xb4\xef\xf5\xcd\x14QY\x1e\x95\x8f'}",2022-05-31 15:30:10+00:00,False,True,True,False,False,False,False,False,False,False,False,False,False,False,False,False,False,False,False,False,-1785977776806564218,lomovkaa,[],,,,82822,[]
Channel,1207954453,–°–ª–µ–¥–∫–æ–º,"{'_': 'ChatPhoto', 'photo_id': 5190528317667785474, 'dc_id': 2, 'has_video': False, 'stripped_thumb': b'\x01\x08\x08\xa7\xfb\xaf\xb3}\xd3\xbb\x1d}\xf3E\x14T3\xa1#'}",2020-08-31 09:28:43+00:00,False,True,True,True,False,False,False,False,False,False,False,False,False,False,False,False,False,False,False,False,-5477704818541849942,sledcom_press,[],,,,30900,[]
Channel,1313780417,–ú–µ–∂–¥—É–Ω–∞—Ä–æ–¥–Ω–∞—è –ñ–∏–∑–Ω—å,"{'_': 'ChatPhoto', 'photo_id': 5229078041446166106, 'dc_id': 2, 'has_video': False, 'stripped_thumb': b'\x01\x08\x08\xd5\xcbo\xe9\xc5\x14QLG'}",2018-02-12 10:06:54+00:00,False,True,True,False,False,False,False,False,False,True,False,False,False,False,False,False,False,False,False,False,2658217289046243370,interaffairs,[],,,,2776,[]
Channel,1144616980,Zvezdanews,"{'_': 'ChatPhoto', 'photo_id': 5262802210553706610, 'dc_id': 2, 'has_video': False, 'stripped_thumb': b""\x01\x08\x08\x80\xf9\x1e_@X.x\xcf'\xd3\xfc\xfaQE\x14\xc0""}",2017-06-21 07:50:08+00:00,False,True,True,False,False,False,False,False,False,False,False,False,False,False,False,False,False,False,False,False,-1196723852045783306,zvezdanews,[],,,,106276,[]
Channel,1553587416,¬´–°–ø–∞—Å—Å–∫–∞—è –±–∞—à–Ω—è¬ª-2023,"{'_': 'ChatPhoto', 'photo_id': 5285504389773113645, 'dc_id': 2, 'has_video': False, 'stripped_thumb': b'\x01\x08\x08\x8f|_d\xc7\x96\xbef\xdcn\xef\xd6\x8a(\xac\x8e\xe4\x8f'}",2021-08-24 15:47:38+00:00,False,True,True,False,False,False,False,False,False,True,False,False,False,False,False,False,False,False,False,False,7699325505747167097,spasstowerfestival,[],,,,655,[]
Channel,1477711430,–ö–ò–ú,"{'_': 'ChatPhoto', 'photo_id': 5240427707274215379, 'dc_id': 2, 'has_video': False, 'stripped_thumb': b'\x01\x08\x08U`\xf2\x0f\xa6\x074QE#iA\x1f'}",2019-06-01 08:37:02+00:00,False,True,True,False,False,False,False,False,False,True,False,False,False,False,False,False,False,False,False,False,-5527259983211118859,KIMMARINA,[],,,,21774,[]
Channel,1473745518,repoRTeros,{'_': 'ChatPhotoEmpty'},2021-09-08 14:09:20+00:00,False,True,True,False,False,True,False,False,False,True,False,False,False,False,False,False,False,False,False,False,2943287133367763573,rtreporteros,"[{'_': 'RestrictionReason', 'platform': 'all', 'reason': 'law', 'text': 'This channel can‚Äôt be displayed because it violated local laws.'}]",,,,13560,[]
Channel,1450687245,–î–∏–ø–∞–∫–∞–¥–µ–º–∏—è –ú–ò–î,"{'_': 'ChatPhoto', 'photo_id': 5280577220471013481, 'dc_id': 2, 'has_video': False, 'stripped_thumb': b'\x01\x08\x08\xb7\xb6\xf7\xcf\xfb\xdcg\xafl}(\xa2\x8a\x00'}",2019-08-07 15:35:14+00:00,False,True,True,False,False,False,False,False,False,True,False,False,False,False,False,False,False,False,False,False,8198983697823308920,DipacademyMID,[],,,,1938,[]
Channel,1101806611,Colonelcassad,"{'_': 'ChatPhoto', 'photo_id': 1211663369043552170, 'dc_id': 2, 'has_video': False, 'stripped_thumb': b'\x01\x08\x08\xae\x15\xcc\x06Q\x80\xc4\xf5\xc8\xc61\xfc\xe8\xa2\x8a`\x7f'}",2017-09-23 03:15:51+00:00,False,True,True,False,False,False,False,False,False,True,False,False,False,False,False,False,False,False,False,False,2435279002486636319,boris_rozhin,[],,,,820382,[]
Channel,1003698528,IZ.RU,"{'_': 'ChatPhoto', 'photo_id': 5395469953576056417, 'dc_id': 2, 'has_video': False, 'stripped_thumb': b'\x01\x08\x08\x14C\xf6`1\x1e\xfd\xbc\x9e\xf9\xa2\x8a+r\xcf'}",2015-09-24 09:53:16+00:00,False,True,True,True,False,False,False,False,False,False,False,False,False,False,False,False,False,False,False,False,-4416481709685401546,izvestia,[],,,,113238,[]
Channel,1585032928,WAR CRIMES IN UKRAINE,"{'_': 'ChatPhoto', 'photo_id': 5300989610891002311, 'dc_id': 2, 'has_video': False, 'stripped_thumb': b'\x01\x08\x08\xcc>Y\x8c\x10Hn\xe3\xb1\xa2\x8a(\x03'}",2022-04-07 11:19:55+00:00,False,True,True,False,False,False,False,False,False,True,False,False,False,False,False,False,False,False,False,False,3355243001968459538,grigoriev_maxim,[],,,,9000,[]
Channel,1639836943,CHAT - WAR CRIMES IN UKRAINE,"{'_': 'ChatPhoto', 'photo_id': 5303544412057484666, 'dc_id': 2, 'has_video': False, 'stripped_thumb': b'\x01\x08\x08\xcc\x1e^\xd3\x90\xc4\xf6\xe7\x8a(\xa2\x80?'}",2022-04-12 18:08:39+00:00,False,True,False,False,True,False,False,False,False,True,False,False,False,False,False,False,False,False,False,False,157933371120614777,WARCRIMESINUKRAINEchat,[],,,"{'_': 'ChatBannedRights', 'until_date': datetime.datetime(2038, 1, 19, 3, 14, 7, tzinfo=datetime.timezone.utc), 'view_messages': False, 'send_messages': False, 'send_media': False, 'send_stickers': False, 'send_gifs': False, 'send_games': False, 'send_inline': False, 'embed_links': False, 'send_polls': False, 'change_info': True, 'invite_users': True, 'pin_messages': True, 'manage_topics': False}",735,[]
Channel,1794711668,–°–∏—Å—Ç–µ–º–Ω—ã–π –ø–µ—Å—Ç–∏—Ü–∏–¥,"{'_': 'ChatPhoto', 'photo_id': 5294379518783502157, 'dc_id': 2, 'has_video': False, 'stripped_thumb': b'\x01\x08\x08\r\xcc\x81s\xfc \xf5\xc7z(\xa2\xb2\x15\x8f'}",2021-12-07 06:16:35+00:00,False,True,True,False,False,False,False,False,False,False,False,False,False,False,False,False,False,False,False,False,-4600687084816231312,pezdicide,[],,,,13782,[]
Channel,1051341773,Russian Embassy in London,"{'_': 'ChatPhoto', 'photo_id': 12985610737396916, 'dc_id': 2, 'has_video': False, 'stripped_thumb': b'\x01\x08\x08\xa1\xfb\xbf#\xb6\xfc\xd1E\x15\xa1\x07'}",2016-08-02 13:37:51+00:00,False,True,True,False,False,False,False,False,False,False,False,False,False,False,False,False,False,False,False,False,5436197818083875197,russian_embassy,[],,,,1675,[]
Channel,1260622817,Readovka,"{'_': 'ChatPhoto', 'photo_id': 5393351091590117265, 'dc_id': 2, 'has_video': False, 'stripped_thumb': b'\x01\x08\x08\xd0\xc3\x9b\xdc\xfc\xd8U\xfc\r\x14Q@\xd9'}",2018-03-05 14:24:03+00:00,False,True,True,True,False,False,False,False,False,True,False,False,False,False,False,False,False,False,False,False,3763124907993235726,readovkanews,[],,,,1767816,[]
Channel,1366415996,ReadovChat,"{'_': 'ChatPhoto', 'photo_id': 5300895448028002541, 'dc_id': 2, 'has_video': False, 'stripped_thumb': b'\x01\x08\x08\x9f\xfd0\xea\x99\xf9\xbc\xa0\xdf\xf0\x1d\xbf\xe3E\x14P\x0c'}",2019-06-04 10:31:14+00:00,False,True,False,False,True,False,False,False,False,True,False,True,False,False,False,False,False,False,False,False,162862439163172508,readovchat,[],,,"{'_': 'ChatBannedRights', 'until_date': datetime.datetime(2038, 1, 19, 3, 14, 7, tzinfo=datetime.timezone.utc), 'view_messages': False, 'send_messages': False, 'send_media': True, 'send_stickers': True, 'send_gifs': True, 'send_games': True, 'send_inline': True, 'embed_links': True, 'send_polls': True, 'change_info': True, 'invite_users': True, 'pin_messages': True, 'manage_topics': True}",6408,[]
Channel,1514685631,Russia in OSCE/–†–æ—Å—Å–∏—è –≤ –û–ë–°–ï,"{'_': 'ChatPhoto', 'photo_id': 5258272226942236690, 'dc_id': 2, 'has_video': False, 'stripped_thumb': b'\x01\x08\x08\x97\x8cv\xe9E\x14WA\x81'}",2022-03-02 09:29:09+00:00,False,True,True,False,False,False,False,False,False,False,False,False,False,False,False,False,False,False,False,False,-5404966409866475114,RusMissionOSCE,[],,,,1037,[]
Channel,1736895964,–í–æ–π–Ω–∞ —Å —Ñ–µ–π–∫–∞–º–∏,"{'_': 'ChatPhoto', 'photo_id': 5350289813904933927, 'dc_id': 2, 'has_video': False, 'stripped_thumb': b'\x01\x08\x08j\xbc\xff\x00i\xc1\xdd\xe6\xee\xfe\xef\xf5\xf4\xa2\x8a)$3'}",2022-02-24 09:28:25+00:00,False,True,True,False,False,False,False,False,False,True,False,False,False,False,False,False,False,False,False,False,2823065425388039604,warfakes,[],,,,710948,[]
Channel,1639057162,–†–æ—Å—Å–∏—è –≤ –ò—Å–ø–∞–Ω–∏–∏,"{'_': 'ChatPhoto', 'photo_id': 5823179019003214057, 'dc_id': 4, 'has_video': False, 'stripped_thumb': b'\x01\x08\x08\xcd\xfd\xdf\x93\xfe\xdd\x14QZ\xd8\x93'}",2022-02-26 14:07:51+00:00,False,True,True,True,False,False,False,False,False,False,False,False,False,False,False,False,False,False,False,False,-8994100636703475935,EmbajadaRusaRu,[],,,,2991,[]
Channel,1462245423,InfoDefense,"{'_': 'ChatPhoto', 'photo_id': 5265132685578321180, 'dc_id': 2, 'has_video': False, 'stripped_thumb': b'\x01\x08\x08G\x8dc\\\xe0\x1c\xfa\x8eh\xa2\x8a\x98\xb7cIE\\'}",2022-03-01 22:47:27+00:00,False,True,True,False,False,False,False,False,False,True,False,False,False,False,False,False,False,False,False,False,5983850374073695003,informdefense,[],,,,7136,[]
Channel,1231155608,–î–º–∏—Ç—Ä–∏–π –ü–æ–ª—è–Ω—Å–∫–∏–π,"{'_': 'ChatPhoto', 'photo_id': 5373229440391294554, 'dc_id': 2, 'has_video': False, 'stripped_thumb': b'\x01\x08\x08pum\xa3\xe6\\s\x92x\xa2\x8a)s2\x9cV\xc7'}",2020-09-04 01:27:06+00:00,False,True,True,False,False,False,False,False,False,True,False,False,False,False,False,False,False,False,False,False,-1710835544875896344,dpol_un,[],,,,17013,[]
Channel,1416475410,–ö–∞—Ñ–µ–¥—Ä–∞ –¢–ò–ú–û –†–£–î–ù_–Ω–æ–≤–æ—Å—Ç–Ω–æ–π –∫–∞–Ω–∞–ª,"{'_': 'ChatPhoto', 'photo_id': 5355231839498908172, 'dc_id': 2, 'has_video': False, 'stripped_thumb': b""\x01\x08\x08'2\x89\x80\xe7n{QE\x15%\x1f""}",2021-03-09 12:09:40+00:00,False,True,True,False,False,False,False,False,False,True,False,False,False,False,False,False,False,False,False,False,8505358364765350316,IR_RUDN_NEWS,[],,,,424,[]
Channel,1510033180,–û–±—ä—è—Å–Ω—è–µ–º.—Ä—Ñ,"{'_': 'ChatPhoto', 'photo_id': 5330221300041498905, 'dc_id': 2, 'has_video': False, 'stripped_thumb': b'\x01\x08\x08\xd5\xfd\xe7\x9b\xdbe\x14Q@\x1f'}",2022-02-25 14:52:26+00:00,False,True,True,True,False,False,False,False,False,False,False,False,False,False,False,False,False,False,False,False,-8161723711371690881,obyasnayemrf,[],,,,203812,[]
Channel,1457644020,OMON Moscow,"{'_': 'ChatPhoto', 'photo_id': 148225214536329226, 'dc_id': 2, 'has_video': False, 'stripped_thumb': b'\x01\x08\x08\xa5q9k\xb5\x95\xf3\x8d\xc1\x8a\xe74QE\x00\x7f'}",2019-08-30 11:02:55+00:00,False,True,True,False,False,False,False,False,False,False,False,False,False,False,False,False,False,False,False,False,-3719195649323214584,omonmoscow,[],,,,16759,[]
Channel,1480718461,–ì–æ—Å—É—Å–ª—É–≥–∏,"{'_': 'ChatPhoto', 'photo_id': 5249109365187790467, 'dc_id': 2, 'has_video': False, 'stripped_thumb': b'\x01\x08\x08\xd5\xf9\xb7\xf7\xeb\xfaQE\x14\x01'}",2020-07-16 09:10:11+00:00,False,True,True,True,False,False,False,False,False,False,False,False,False,False,False,False,False,False,False,False,-2329947904150769157,gosuslugi,[],,,,1060071,[]
Channel,1746014776,La Embajada de Rusia en Bolivia üá∑üá∫üáßüá¥,"{'_': 'ChatPhoto', 'photo_id': 5026308138571245988, 'dc_id': 1, 'has_video': False, 'stripped_thumb': b'\x01\x08\x08\xa1\x88\xfe\xcf\x9e3\xe9\x9esE\x14V\xa9\x08'}",2022-03-21 14:00:25+00:00,False,True,True,False,False,False,False,False,False,False,False,False,False,False,False,False,False,False,False,False,-1561479897892262559,embrusbolivia,[],,,,250,[]
Channel,1075088144,–ì–µ–Ω–ø—Ä–æ–∫—É—Ä–∞—Ç—É—Ä–∞ –†–æ—Å—Å–∏–∏,"{'_': 'ChatPhoto', 'photo_id': 5353076023614352859, 'dc_id': 2, 'has_video': False, 'stripped_thumb': b'\x01\x08\x08\xa9\xfb\xbf+8\xe7\x18\xfch\xa2\x8a\xde1$'}",2016-08-22 13:41:57+00:00,False,True,True,True,False,False,False,False,False,False,False,False,False,False,False,False,False,False,False,False,2120101662137634338,genprocrf,[],,,,16827,[]
Channel,1239008568,–†—É—Å—Å–∫–∏–π –¥–æ–º,"{'_': 'ChatPhoto', 'photo_id': 5193203940559269195, 'dc_id': 2, 'has_video': False, 'stripped_thumb': b'\x01\x08\x08\xd0;\xfc\xf1\x8d\xde\xf9\xa2\x8a)\xdcH'}",2020-03-19 14:35:32+00:00,False,True,True,True,False,False,False,False,False,True,False,False,False,False,False,False,False,False,False,False,7583932381276644565,rossotrudnichestvo,[],,,,15927,[]
Channel,1592391298,Russian Mission Vienna,"{'_': 'ChatPhoto', 'photo_id': 5829985232202348324, 'dc_id': 4, 'has_video': False, 'stripped_thumb': b'\x01\x08\x08\xb5\x96\xdf\xff\x00M?\\\xff\x00\x87\xf4\xa2\x8a*\xf6\x03'}",2022-02-28 10:03:30+00:00,False,True,True,False,False,False,False,False,False,False,False,False,False,False,False,False,False,False,False,False,8846572181344638476,ViennaMissionRu,[],,,,673,[]
Channel,1735000219,–ú–∏–Ω–∏—Å—Ç–µ—Ä—Å—Ç–≤–æ –∫—É–ª—å—Ç—É—Ä—ã –†–æ—Å—Å–∏–π—Å–∫–æ–π –§–µ–¥–µ—Ä–∞—Ü–∏–∏,"{'_': 'ChatPhoto', 'photo_id': 5192851023096563490, 'dc_id': 2, 'has_video': True, 'stripped_thumb': b'\x01\x08\x08\xb4<\xa3\x03\xc6q\xcfP\xc7<\xd1E\x14\x86\x7f'}",2022-02-26 08:35:26+00:00,False,True,True,True,False,False,False,False,False,True,False,False,False,False,False,False,False,False,False,False,5441108930738438169,mincultrussia,[],,,,15617,[]
Channel,1757328357,–ß–∞—Ç –ú–∏–Ω–∏—Å—Ç–µ—Ä—Å—Ç–≤–∞ –∫—É–ª—å—Ç—É—Ä—ã –†–§,"{'_': 'ChatPhoto', 'photo_id': 5388707274165436869, 'dc_id': 2, 'has_video': False, 'stripped_thumb': b'\x01\x08\x08\xd0\xfd\xef\xda6\xe7\xb6s\x9e\xd9\xa2\x8a)\xb0?'}",2022-07-21 16:00:06+00:00,False,True,False,False,True,False,False,False,False,True,False,False,False,False,False,False,False,False,False,False,7301679365412061401,mincultrussiachat,[],,,"{'_': 'ChatBannedRights', 'until_date': datetime.datetime(2038, 1, 19, 3, 14, 7, tzinfo=datetime.timezone.utc), 'view_messages': False, 'send_messages': False, 'send_media': False, 'send_stickers': False, 'send_gifs': False, 'send_games': False, 'send_inline': False, 'embed_links': False, 'send_polls': True, 'change_info': True, 'invite_users': True, 'pin_messages': True, 'manage_topics': False}",317,[]
Channel,1260344485,"–ù—É —á—ë, –Ω–∞—Ä–æ–¥, –ø–æ–≥–Ω–∞–ª–∏!","{'_': 'ChatPhoto', 'photo_id': 5278365149104812587, 'dc_id': 2, 'has_video': False, 'stripped_thumb': b'\x01\x08\x08]\xaf\xb8\xfc\xa3\x1e\xb9\xa2\x8a+RO'}",2020-02-21 13:49:16+00:00,False,True,True,False,False,False,False,False,False,False,False,False,False,False,False,False,False,False,False,False,-3915274476471914227,ranarod,[],,,,105236,[]
Channel,1790907266,–ö—Ä–µ–º–ª—å. –ù–æ–≤–æ—Å—Ç–∏,"{'_': 'ChatPhoto', 'photo_id': 5382068504561303216, 'dc_id': 2, 'has_video': False, 'stripped_thumb': b'\x01\x08\x08\xa5\xfb\xaf#\xbf\x99E\x14U\x81'}",2022-04-04 11:01:07+00:00,False,True,True,True,False,False,False,False,False,False,False,False,False,False,False,False,False,False,False,False,2803221559974845053,news_kremlin,[],,,,160236,[]
Channel,1710801032,Intel Republic,"{'_': 'ChatPhoto', 'photo_id': 5897881303578164396, 'dc_id': 4, 'has_video': False, 'stripped_thumb': b""\x01\x08\x08v'\xf31\x94\xd9\xeb\xde\x8a(\xae\x07+\x9d6\xb1""}",2022-05-18 14:32:22+00:00,False,True,True,False,False,False,False,False,False,True,False,False,False,False,False,False,False,False,False,False,1610765298623844170,IntelRepublic,[],,,,56569,[]
Channel,1700627311,I…¥·¥õ·¥á ü  Ä·¥á·¥ò·¥ú ô ü…™·¥Ñ,"{'_': 'ChatPhoto', 'photo_id': 6053320516527305514, 'dc_id': 5, 'has_video': False, 'stripped_thumb': b""\x01\x08\x08v'\xf31\x94\xd9\xeb\xde\x8a(\xae\x0ek\x9d6\xb1""}",2022-05-20 13:13:04+00:00,False,True,False,False,True,False,False,False,False,True,False,True,False,False,False,False,False,False,False,False,-2682753943656822508,IntelRepublic_comments,[],,,"{'_': 'ChatBannedRights', 'until_date': datetime.datetime(2038, 1, 19, 3, 14, 7, tzinfo=datetime.timezone.utc), 'view_messages': False, 'send_messages': False, 'send_media': False, 'send_stickers': False, 'send_gifs': False, 'send_games': False, 'send_inline': False, 'embed_links': False, 'send_polls': True, 'change_info': True, 'invite_users': True, 'pin_messages': True, 'manage_topics': False}",2192,[]
Channel,1250071312,–û–ü –†–§ / –û–±—â–µ—Å—Ç–≤–µ–Ω–Ω–∞—è –ø–∞–ª–∞—Ç–∞ –†–§,"{'_': 'ChatPhoto', 'photo_id': 5357291508245578748, 'dc_id': 2, 'has_video': False, 'stripped_thumb': b'\x01\x08\x08\xd0ge\x94/b\x7f\xbc(\xa2\x8a\x19qWG'}",2017-11-10 06:52:36+00:00,False,True,True,False,False,False,False,False,False,False,False,False,False,False,False,False,False,False,False,False,1246544366974184084,oprf_official,[],,,,20311,[]
Channel,1101170442,–†–ò–ê –ù–æ–≤–æ—Å—Ç–∏,"{'_': 'ChatPhoto', 'photo_id': 5323408141880241853, 'dc_id': 2, 'has_video': False, 'stripped_thumb': b""\x01\x08\x08\x9a'\x93\xeddH\xb2o\xdd\xd8q\xff\x00\xea\xa2\x8a*\xe4J?""}",2017-02-28 16:45:55+00:00,False,True,True,True,False,False,False,False,False,False,False,False,False,False,False,False,False,False,False,False,7588106869944529088,rian_ru,[],,,,2677443,[]
Channel,1291953231,–ú–∞—Ä–∏—è –ë—É—Ç–∏–Ω–∞,"{'_': 'ChatPhoto', 'photo_id': 5199918039594812217, 'dc_id': 2, 'has_video': False, 'stripped_thumb': b'\x01\x08\x08\xb4\xd7\x91\x0b\xdc\x10\xdf\xdc\xcf\xbd\x14Q@\x1f'}",2020-01-24 11:39:50+00:00,False,True,True,False,False,False,False,False,False,True,False,False,False,False,False,False,False,False,False,False,-1842997506123243038,mariabutina,[],,,,50810,[]
Channel,1249511529,–ù–∞ –∫—É—Ö–Ω–µ —Å –ë—É—Ç–∏–Ω–æ–π,"{'_': 'ChatPhoto', 'photo_id': 5240310106774678880, 'dc_id': 2, 'has_video': False, 'stripped_thumb': b'\x01\x08\x08\x81f\xe7\x07\x9d\xa4\x0c\xd1E\x15\x17\x1bvg'}",2020-04-15 04:29:50+00:00,False,True,False,False,True,False,False,False,False,True,False,False,False,False,False,False,False,False,False,False,-2005134748287704494,kitchenwithbutina,[],,,"{'_': 'ChatBannedRights', 'until_date': datetime.datetime(2038, 1, 19, 3, 14, 7, tzinfo=datetime.timezone.utc), 'view_messages': False, 'send_messages': False, 'send_media': True, 'send_stickers': True, 'send_gifs': True, 'send_games': True, 'send_inline': True, 'embed_links': False, 'send_polls': False, 'change_info': True, 'invite_users': True, 'pin_messages': True, 'manage_topics': True}",409,[]
Channel,1688408086,Russia in Canada,"{'_': 'ChatPhoto', 'photo_id': 5023869619349334740, 'dc_id': 1, 'has_video': False, 'stripped_thumb': b'\x01\x08\x08\xcf\xcc~^x\xcf\xa5\x14Q[\xa4I'}",2022-03-01 00:10:53+00:00,False,True,True,False,False,False,False,False,False,False,False,False,False,False,False,False,False,False,False,False,6035289726616157155,rusembc,[],,,,1428,[]
Channel,1038402501,–ö–æ–º–º–µ—Ä—Å–∞–Ω—Ç—ä,"{'_': 'ChatPhoto', 'photo_id': 5269288599013149800, 'dc_id': 2, 'has_video': False, 'stripped_thumb': b'\x01\x08\x08\xb9\xb9\x9a\xf0\x81\x93\xb4\x81\x83\xf4\xeb\xf9\xff\x00:(\xa2\x80?'}",2016-03-21 15:07:33+00:00,False,True,True,True,False,False,False,False,False,True,False,False,False,False,False,False,False,False,False,False,-1647890464821039493,kommersant,[],,,,215359,[]
Channel,1419310838,–ö–æ–º–º–µ—Ä—Å–∞–Ω—Ç—ä_—á–∞—Ç,"{'_': 'ChatPhoto', 'photo_id': 5269570941573252686, 'dc_id': 2, 'has_video': False, 'stripped_thumb': b'\x01\x08\x08\xb9\xb9\x9a\xf0\x81\x93\xb4\x81\x83\xf4\xeb\xf9\xff\x00:(\xa2\x80?'}",2019-06-24 09:13:38+00:00,False,True,False,False,True,False,False,False,False,True,False,True,False,False,False,False,False,False,False,False,-3622887818382156937,kommersantchat,[],,,"{'_': 'ChatBannedRights', 'until_date': datetime.datetime(2038, 1, 19, 3, 14, 7, tzinfo=datetime.timezone.utc), 'view_messages': False, 'send_messages': False, 'send_media': True, 'send_stickers': True, 'send_gifs': True, 'send_games': True, 'send_inline': True, 'embed_links': True, 'send_polls': True, 'change_info': True, 'invite_users': True, 'pin_messages': True, 'manage_topics': False}",1501,[]
Channel,1210023966,–°—ã—Ä—å–µ–≤–∞—è –∏–≥–ª–∞,"{'_': 'ChatPhoto', 'photo_id': 2501138544168380329, 'dc_id': 2, 'has_video': False, 'stripped_thumb': b""\x01\x08\x08'\xd4\x03@\xa1wn\xea\x0ezQE\x15#g""}",2018-04-02 15:43:09+00:00,False,True,True,False,False,False,False,False,False,False,False,False,False,False,False,False,False,False,False,False,5300392338701076537,needleraw,[],,,,11808,[]
Channel,1580589993,El Zoom,"{'_': 'ChatPhoto', 'photo_id': 5298512230804993589, 'dc_id': 2, 'has_video': False, 'stripped_thumb': b'\x01\x08\x08\xa5\xfe\x86\xf6\xdd\xe3\x94/\xb9\x04\xff\x00\x9f\xe7E\x14R\xb0\x1f'}",2021-09-02 13:07:48+00:00,False,True,True,False,False,False,False,False,False,True,False,False,False,False,False,False,False,False,False,False,2677109086003945362,elzoomrt,[],,,,11084,[]
Channel,1232469282,–ö–∏—Ç–∞–π - –ù–∏–∫–æ–ª–∞–π –í–∞–≤–∏–ª–æ–≤,"{'_': 'ChatPhoto', 'photo_id': 5221987905138963713, 'dc_id': 2, 'has_video': False, 'stripped_thumb': b'\x01\x08\x08\xcc$\x08@\xc899\xe3\xb5\x14Q@\x1f'}",2017-12-24 12:00:58+00:00,False,True,True,False,False,False,False,False,False,True,False,False,False,False,False,False,False,False,False,False,-8608780317722513071,shuohuaxia,[],,,,161791,[]
Channel,1140991878,–ö–∞—Ä—Ç–æ—á–Ω—ã–π –î–æ–º–∏–∫: –ï–≤—Ä–æ–ø–∞,"{'_': 'ChatPhoto', 'photo_id': 352412757266643933, 'dc_id': 2, 'has_video': False, 'stripped_thumb': b'\x01\x08\x08\xb9\xe5M\xbf>a\xf37\xe7\x198\xdb\xe9\xf9QE\x14s\x08'}",2017-09-01 10:02:37+00:00,False,True,True,False,False,False,False,False,False,False,False,False,False,False,False,False,False,False,False,False,1376214457222048600,HouseOfCardsEurope,[],,,,23946,[]
Channel,1456334058,–í—ã–ø—É—Å–∫–Ω–∏–∫–∏ –†–æ—Å—Å–∏–∏,"{'_': 'ChatPhoto', 'photo_id': 5206241545714512662, 'dc_id': 2, 'has_video': False, 'stripped_thumb': b'\x01\x08\x08\x80\xfd\x9f\xec\x83\x03\xf7\x9d\xcd\x14QZ\x19\x9f'}",2019-06-09 21:59:36+00:00,False,True,True,False,False,False,False,False,False,True,False,False,False,False,False,False,False,False,False,False,6881359328197645512,AlumniRussia,[],,,,487,[]
Channel,1552693214,üí¨ –ß–∞—Ç –≤—ã–ø—É—Å–∫–Ω–∏–∫–æ–≤,"{'_': 'ChatPhoto', 'photo_id': 5440406736105223401, 'dc_id': 2, 'has_video': False, 'stripped_thumb': b'\x01\x08\x08\xd0\x1e\x7f\xda\x8eO\xee\xfbQE\x14\x01'}",2021-10-20 13:23:31+00:00,False,True,False,False,True,False,False,False,False,True,False,False,False,False,False,False,False,False,False,False,7432663139107530021,AlumniRussiachat,[],,,"{'_': 'ChatBannedRights', 'until_date': datetime.datetime(2038, 1, 19, 3, 14, 7, tzinfo=datetime.timezone.utc), 'view_messages': False, 'send_messages': False, 'send_media': True, 'send_stickers': False, 'send_gifs': False, 'send_games': False, 'send_inline': False, 'embed_links': False, 'send_polls': True, 'change_info': True, 'invite_users': False, 'pin_messages': True, 'manage_topics': False}",4,[]
Channel,1241760129,Embassy of Russia in Ireland,"{'_': 'ChatPhoto', 'photo_id': 5274087348793096525, 'dc_id': 2, 'has_video': False, 'stripped_thumb': b'\x01\x08\x08\xcd\xfd\xdf\x93\xfe\xdd\x14QZ\xd8G'}",2022-03-07 11:31:12+00:00,False,True,True,True,False,False,False,False,False,False,False,False,False,False,False,False,False,False,False,False,-812496664840680169,russiainireland,[],,,,1083,[]
Channel,1755883392,–ù–µ—Å–∞–Ω–∫—Ü–∏–æ–Ω–∏—Ä–æ–≤–∞–Ω–Ω–æ–µ –º–Ω–µ–Ω–∏–µ,"{'_': 'ChatPhoto', 'photo_id': 5294370765640153734, 'dc_id': 2, 'has_video': False, 'stripped_thumb': b'\x01\x08\x08\x97\xed\x12y\xa0\xbb\x05\x00\xf5\x07\xad\x14QN\xd7\x07\xa1'}",2022-03-13 09:17:23+00:00,False,True,True,False,False,False,False,False,False,False,False,False,False,False,False,False,False,False,False,False,-106740200480918567,unsanctioned,[],,,,1983,[]
Channel,1472118005,–ü—Ä–∞–≤–¥–æ—Ä—É–±–∫–∞,"{'_': 'ChatPhoto', 'photo_id': 5938332980609136956, 'dc_id': 4, 'has_video': False, 'stripped_thumb': b'\x01\x08\x08\xb1\xfb\xdf?\xbe\xfc\xfbg8\xff\x00\xd0h\xa2\x8a\x00'}",2021-01-21 09:45:53+00:00,False,True,True,False,False,False,False,False,False,False,False,False,False,False,False,False,False,False,False,False,5290014555621935504,mincerchannel,[],,,,87568,[]
Channel,1099860397,–†–ë–ö,"{'_': 'ChatPhoto', 'photo_id': 291946120319445352, 'dc_id': 2, 'has_video': False, 'stripped_thumb': b""\x01\x08\x08\xd1f\x94N\x02\xa9*O'\xb0\x14QE\x02H""}",2016-09-07 15:46:31+00:00,False,True,True,True,False,False,False,False,False,False,False,False,False,False,False,False,False,False,False,False,-8921963361126091208,rbc_news,[],,,,358976,[]
Channel,1754796597,–í–∞–ª–µ—Ä–∏–π –°–µ–ª–µ–∑–Ω–µ–≤ | –î–µ–ø—É—Ç–∞—Ç –ì–æ—Å–¥—É–º—ã,"{'_': 'ChatPhoto', 'photo_id': 5328228435216152688, 'dc_id': 2, 'has_video': False, 'stripped_thumb': b'\x01\x08\x08o\x9d\n\xe2P\xad\xf3\x92\x02\xe7\xa0\x14QE;\x10\xd2g'}",2022-03-25 09:49:20+00:00,False,True,True,False,False,False,False,False,False,False,False,False,False,False,False,False,False,False,False,False,3831530638571439276,deputatseleznev,[],,,,1204,[]
Channel,1094054752,–ö–∞—Ä—Ç–æ—á–Ω—ã–π –î–æ–º–∏–∫,"{'_': 'ChatPhoto', 'photo_id': 1415280265239046079, 'dc_id': 2, 'has_video': False, 'stripped_thumb': b'\x01\x08\x08\xb1\xe56\xed\xdeg\xef\xf7\xee\xc6OOJ(\xa2\x80?'}",2017-01-19 09:24:09+00:00,False,True,True,False,False,False,False,False,False,False,False,False,False,False,False,False,False,False,False,False,-648490364439484224,WhiteHouseCards,[],,,,18760,[]
Channel,1309100162,–°—Ç–∞—Ä–∞—è –ú–æ—Å–∫–≤–∞,"{'_': 'ChatPhoto', 'photo_id': 5465127116162056396, 'dc_id': 2, 'has_video': False, 'stripped_thumb': b'\x01\x08\x08\xd0\xff\x00H\xdf\xfcX\xcf\xb7J(\xa2\x80?'}",2018-03-15 16:19:31+00:00,False,True,True,False,False,False,False,False,False,True,False,False,False,False,False,False,False,False,False,False,-3233837857335607946,old_Moscow,[],,,,125434,[]
Channel,1109060533,üå≤–†—É—Å—Å–∫–∞—è –ø—Ä–∏—Ä–æ–¥–∞ üå≤,"{'_': 'ChatPhoto', 'photo_id': 1271329853583501227, 'dc_id': 2, 'has_video': False, 'stripped_thumb': b'\x01\x08\x08\x89oUlB\x01\xf3\x8f|\xd1E\x146+\x1f'}",2017-08-12 18:42:38+00:00,False,True,True,False,False,False,False,False,False,False,False,False,False,False,False,False,False,False,False,False,-8629430501069027465,Russiannature,[],,,,26,[]
Channel,1399412337,Russian Mission Geneva,"{'_': 'ChatPhoto', 'photo_id': 4952144773607696994, 'dc_id': 1, 'has_video': False, 'stripped_thumb': b'\x01\x08\x08\x8br\xed\xcf8\xfd1E\x14RD3'}",2022-03-29 08:33:10+00:00,False,True,True,False,False,False,False,False,False,False,False,False,False,False,False,False,False,False,False,False,5233220816883569994,RussiaGeneva,[],,,,2105,[]
Channel,1199677725,Coala,"{'_': 'ChatPhoto', 'photo_id': 3414504451089737642, 'dc_id': 2, 'has_video': False, 'stripped_thumb': b'\x01\x08\x08\xb5\x8dC\xedx\xde\xbe^\xefA\x8d\xb4QE\x00\x7f'}",2019-06-07 06:38:31+00:00,False,True,True,False,False,False,False,False,False,False,False,False,False,False,False,False,False,False,False,False,-3098096856489636863,Coala_russia,[],,,,22118,[]
Channel,1197253504,Miguel D√≠az-Canel Berm√∫dez,"{'_': 'ChatPhoto', 'photo_id': 5075669763912477288, 'dc_id': 1, 'has_video': False, 'stripped_thumb': b'\x01\x08\x08\x8fs\xfd\xad\xb2\xb2y\xbd\x14\xff\x00\xb5E\x14Si\x0f\x99\x9f'}",2018-10-10 12:02:43+00:00,False,True,True,False,False,False,False,False,False,False,False,False,False,False,False,False,False,False,False,False,-9134030320915771037,diazcanelb,[],,,,3432,[]
Channel,1219587697,–ü–µ—Ä–µ–≤—ë–ª –∏ –û–∑–≤—É—á–∏–ª,"{'_': 'ChatPhoto', 'photo_id': 721297121679091626, 'dc_id': 2, 'has_video': False, 'stripped_thumb': b'\x01\x08\x08\xd1\xcc\x9ev0z\xfe\x18\xa2\x8a)\r\xb3'}",2017-11-26 10:37:58+00:00,False,True,True,False,False,False,False,False,False,False,False,False,False,False,False,False,False,False,False,False,8981999450616782405,per_i_ozv,[],,,,30309,[]
Channel,1535793596,PAVLOVA|| –ù–û–í–û–°–¢–ò|| –ì–ï–û–ü–û–õ–ò–¢–ò–ö–ê||,"{'_': 'ChatPhoto', 'photo_id': 5274112766409558460, 'dc_id': 2, 'has_video': False, 'stripped_thumb': b'\x01\x08\x08M\xb9\x01?\xe5\xae3\xb7""\x8a(\xa8\xe6c\xb1'}",2022-02-10 19:01:40+00:00,False,True,True,False,False,False,False,False,False,True,False,False,False,False,False,False,False,False,False,False,-6220488727448376868,Pavlova_Maria_live,[],,,,21155,[]
Channel,1012339614,–†–æ—Å—Å–∏–π—Å–∫–∞—è –ì–∞–∑–µ—Ç–∞ | –ù–æ–≤–æ—Å—Ç–∏,"{'_': 'ChatPhoto', 'photo_id': 5433743515252276721, 'dc_id': 2, 'has_video': False, 'stripped_thumb': b'\x01\x08\x08_2O;n\x1b\xed\x19\xf7\xf5\xa2\x8a)\x8a\xc7'}",2016-01-11 09:40:23+00:00,False,True,True,True,False,False,False,False,False,False,False,False,False,False,False,False,False,False,False,False,3396127050271398480,rgrunews,[],,,,145562,[]
Channel,1373485405,–ê–∫—Ü–µ–Ω—Ç—ã,"{'_': 'ChatPhoto', 'photo_id': 1331804032493266866, 'dc_id': 2, 'has_video': False, 'stripped_thumb': b'\x01\x08\x08\x88\xf9^@\xc7\xde\xfasE\x14WA\xd0\x7f'}",2019-09-06 18:14:27+00:00,False,True,True,False,False,False,False,False,False,False,False,False,False,False,False,False,False,False,False,False,917070606787571082,emphasises,[],,,,76906,[]
Channel,1197210433,–°–∏–≥–Ω–∞–ª—ã –†–¶–ë,"{'_': 'ChatPhoto', 'photo_id': 5334943556453910505, 'dc_id': 2, 'has_video': False, 'stripped_thumb': b'\x01\x08\x08\xaaD\xd9\x05s\xe7\xef\xe79\xdd\x9f\xf0\xa2\x8a)\x8d\x9f'}",2019-10-18 11:02:30+00:00,False,True,True,False,False,False,False,False,False,True,False,False,False,False,False,False,False,False,False,False,2642344338576036109,cbrstocks,[],,,,110524,[]
Channel,1566105079,–°–∏–≥–Ω–∞–ª—ã –†–¶–ë [–ß–ê–¢],"{'_': 'ChatPhoto', 'photo_id': 5361788609587431934, 'dc_id': 2, 'has_video': False, 'stripped_thumb': b'\x01\x08\x08\xa6D\xdb\x81\\\xf9\xfb\xf9\xcewg\xfc(\xa2\x8a\x00'}",2021-11-02 13:59:02+00:00,False,True,False,False,True,False,False,False,False,True,False,True,False,False,False,False,False,False,False,False,3327227413157457760,cbrstockschat,[],,,"{'_': 'ChatBannedRights', 'until_date': datetime.datetime(2038, 1, 19, 3, 14, 7, tzinfo=datetime.timezone.utc), 'view_messages': False, 'send_messages': False, 'send_media': True, 'send_stickers': False, 'send_gifs': False, 'send_games': False, 'send_inline': False, 'embed_links': True, 'send_polls': True, 'change_info': True, 'invite_users': True, 'pin_messages': True, 'manage_topics': True}",523,[]
Channel,1210987817,"–ù–µ–æ—Ñ–∏—Ü–∏–∞–ª—å–Ω—ã–π –ë–µ–∑—Å–æ–Ω–æ–≤ ""Z""","{'_': 'ChatPhoto', 'photo_id': 5244664963094659269, 'dc_id': 2, 'has_video': False, 'stripped_thumb': b'\x01\x08\x08\xac\xcd\x0f\x93\x81\xd7\x18\xc7\xf9\xefE\x14T\xd8\xa3'}",2019-01-02 19:16:40+00:00,False,True,True,False,False,False,False,False,False,False,False,False,False,False,False,False,False,False,False,False,4635535718744848132,NeoficialniyBeZsonoV,[],,,,386136,[]
Channel,1425996700,–í—è—á–µ—Å–ª–∞–≤ –í–æ–ª–æ–¥–∏–Ω,"{'_': 'ChatPhoto', 'photo_id': 5366288987989324526, 'dc_id': 2, 'has_video': False, 'stripped_thumb': b'\x01\x08\x08SvL-\xf3\xf0\x9dy\xa2\x8a(\xe5@\x7f'}",2021-03-12 09:46:01+00:00,False,True,True,True,False,False,False,False,False,True,False,False,False,False,False,False,False,False,False,False,3505935272679356440,vv_volodin,[],,,,953026,[]
Channel,1603415279,Russian Embassy in Denmark,"{'_': 'ChatPhoto', 'photo_id': 5251721748980809040, 'dc_id': 2, 'has_video': False, 'stripped_thumb': b'\x01\x08\x08\xa1\xfb\xbf\xb3\xe7\x8c\xfag\x9c\xd1E\x15\xaaB?'}",2022-02-28 09:09:19+00:00,False,True,True,False,False,False,False,False,False,False,False,False,False,False,False,False,False,False,False,False,6514566517611995951,rusembdk,[],,,,269,[]
Channel,1126629353,–ö—Ä–µ–º–ª—ë–≤—Å–∫–∞—è –ø—Ä–∞—á–∫–∞,"{'_': 'ChatPhoto', 'photo_id': 5233458315382602472, 'dc_id': 2, 'has_video': False, 'stripped_thumb': b'\x01\x08\x08\xaf""""D\x01n\x83\xf5\xa2\x8a*R)\xb3'}",2017-08-10 07:49:14+00:00,False,True,True,False,False,False,False,False,False,False,False,False,False,False,False,False,False,False,False,False,1884368413804500654,kremlinprachka,[],,,,257967,[]
