UserScreenName,UserName,Timestamp,Text,Embedded_text,Emojis,Comments,Likes,Retweets,Image link,Tweet URL
Embajada de Rusia en Bolivia,@embrusboliviaes,2022-06-29T16:04:03.000Z,"Embajada de Rusia en Bolivia
@embrusboliviaes
¬∑
Jun 29, 2022
Organizaci√≥n gubernamental de Rusia"," Sobre el Campeonato boliviano de wushu 

https://facebook.com/EmbRusBoliviaEs/posts/pfbid02gXQ9Wcm4rEKZ28rrmFz1VdRiDsVzDzRFpN3hWJn2uEeoszHBbzzBXv45fpWwrCMwl‚Ä¶",,,,,"['https://pbs.twimg.com/semantic_core_img/1290392753013002240/mWq1iE5L?format=png&name=orig', 'https://pbs.twimg.com/media/FWbp0aeWQAEtg8V?format=jpg&name=900x900', 'https://pbs.twimg.com/media/FWbp0bFWAAAqOfq?format=jpg&name=small', 'https://pbs.twimg.com/media/FWbp0bqXEAMjZ1m?format=jpg&name=small']",https://twitter.com/embrusboliviaes/status/1542177081827655683
Embajada de Rusia en Bolivia,@embrusboliviaes,2022-06-29T22:36:06.000Z,"Embajada de Rusia en Bolivia
@embrusboliviaes
¬∑
Jun 29, 2022
Organizaci√≥n gubernamental de Rusia"," El Aniversario de la Polic√≠a Boliviana

https://facebook.com/EmbRusBoliviaEs/posts/pfbid06iXtiwPoQZjKerLhpXg9dMc3n8tBsKue3DnbtVuPDYm8kCUvPihmATQjfMkV9tUJl‚Ä¶",,,1,1,"['https://pbs.twimg.com/semantic_core_img/1290392753013002240/mWq1iE5L?format=png&name=orig', 'https://pbs.twimg.com/media/FWdDW2eWQAAWXNV?format=jpg&name=900x900', 'https://pbs.twimg.com/media/FWdDW2bWQAI-8Cm?format=jpg&name=small', 'https://pbs.twimg.com/media/FWdDW2bXwAooIKg?format=jpg&name=small']",https://twitter.com/embrusboliviaes/status/1542275744079937537
Embajada de Rusia en Bolivia,@embrusboliviaes,2022-06-29T16:07:13.000Z,"Embajada de Rusia en Bolivia
@embrusboliviaes
¬∑
Jun 29, 2022
Organizaci√≥n gubernamental de Rusia", Compartimos la informaci√≥n confidencial de la Embajada sobre la carta de la Cumbre de la OTAN en Madrid. La √∫nica forma de ingerir Rusia ,üòè,,1,3,"['https://pbs.twimg.com/semantic_core_img/1290392753013002240/mWq1iE5L?format=png&name=orig', 'https://pbs.twimg.com/media/FWbqfVCWYAAGSGr?format=jpg&name=small']",https://twitter.com/embrusboliviaes/status/1542177877881491458
Embajada de Rusia en Bolivia,@embrusboliviaes,2022-06-29T16:03:20.000Z,"Embajada de Rusia en Bolivia
@embrusboliviaes
¬∑
Jun 29, 2022
Organizaci√≥n gubernamental de Rusia"," Sobre los eventos en la Embajada de Venezuela

https://facebook.com/EmbRusBoliviaEs/posts/pfbid01AoMYeJebEJypEbVjx7kwTZMKJCxHN2wTenZJZki8NFXAs7Brb6MopsZW7hXYFyol‚Ä¶",,,,1,"['https://pbs.twimg.com/semantic_core_img/1290392753013002240/mWq1iE5L?format=png&name=orig', 'https://pbs.twimg.com/media/FWbpjM7WQAAicd0?format=jpg&name=900x900', 'https://pbs.twimg.com/media/FWbpjM7WIAAaBxU?format=jpg&name=small']",https://twitter.com/embrusboliviaes/status/1542176901577543698
Embajada de Rusia en Bolivia,@embrusboliviaes,2022-06-29T16:14:24.000Z,"Embajada de Rusia en Bolivia
@embrusboliviaes
¬∑
Jun 29, 2022
Organizaci√≥n gubernamental de Rusia","ATENCI√ìN
 
* ELIMINACI√ìN DE LAS RESTRICCIONES PARA LA ENTRADA A LA FEDERACI√ìN DE RUSIA DE EXTRANJEROS Y AP√ÅTRIDAS A TRAV√âS DE LOS PUNTOS DE CONTROL A√âREOS Y MAR√çTIMOS DE LA FRONTERA ESTATAL DE LA FEDERACI√ìN DE RUSIA*

https://facebook.com/EmbRusBoliviaEs/posts/pfbid0kNjcpJ6LoK8atr83WYR3SYD5hDZQHjLiCkHu2QgaWABiQwAkED6FzmsjeKq7utEvl‚Ä¶",‚Äº ‚Äº,,,2,['https://pbs.twimg.com/semantic_core_img/1290392753013002240/mWq1iE5L?format=png&name=orig'],https://twitter.com/embrusboliviaes/status/1542179685836128258
Embajada de Rusia en Bolivia,@embrusboliviaes,2022-06-29T16:02:26.000Z,"Embajada de Rusia en Bolivia
@embrusboliviaes
¬∑
Jun 29, 2022
Organizaci√≥n gubernamental de Rusia"," El 25 de junio los funcionarios del Interpol, Servicio Penitenciario Federal y Ministerio de Justicia rusos extraditaron a la Federaci√≥n de Rusia al ciudadano Artyom Kalte, acusado de malversaci√≥n de m√°s de 25 millones de rublos. 

https://facebook.com/EmbRusBoliviaEs/posts/pfbid0y25gMD8xoMcbBY2RQBfAS7StUwd56vBr542eCbHYLp6AY7N3dcVWZyXk9vp7MGZUl‚Ä¶",,,,1,['https://pbs.twimg.com/semantic_core_img/1290392753013002240/mWq1iE5L?format=png&name=orig'],https://twitter.com/embrusboliviaes/status/1542176676934729729
Embajada de Rusia en Bolivia,@embrusboliviaes,2022-07-03T15:19:38.000Z,"Embajada de Rusia en Bolivia
@embrusboliviaes
¬∑
Jul 3, 2022
Organizaci√≥n gubernamental de Rusia"," Putin ordena conmemorar el centenario del nacimiento de Yuri Kn√≥rozov, el ling√ºista ruso que descifr√≥ la escritura maya 
https://facebook.com/EmbRusBoliviaEs/posts/pfbid02szbpnUgvaxSiiPxteHoQAWoNneTuZK24pgA1WVxhHZoZ45cmWxbLD3KAqzd79V7nl‚Ä¶",üìú,,,,"['https://pbs.twimg.com/semantic_core_img/1290392753013002240/mWq1iE5L?format=png&name=orig', 'https://pbs.twimg.com/media/FWwF7BFWQAA5WKO?format=jpg&name=small']",https://twitter.com/embrusboliviaes/status/1543615454958288896
Embajada de Rusia en Bolivia,@embrusboliviaes,2022-07-06T03:50:06.000Z,"Embajada de Rusia en Bolivia
@embrusboliviaes
¬∑
Jul 5, 2022
Organizaci√≥n gubernamental de Rusia"," El 211 aniversario del D√≠a de la Independencia de Venezuela

https://t.me/embrusbolivia/142‚Ä¶",üîó,,5,5,"['https://pbs.twimg.com/semantic_core_img/1290392753013002240/mWq1iE5L?format=png&name=orig', 'https://pbs.twimg.com/media/FW9EzYGWAAIGF4Q?format=jpg&name=small', 'https://pbs.twimg.com/media/FW9EzZFWYAAgzCd?format=jpg&name=900x900']",https://twitter.com/embrusboliviaes/status/1544529092552310785
Embajada de Rusia en Bolivia,@embrusboliviaes,2022-07-05T00:05:32.000Z,"Embajada de Rusia en Bolivia
@embrusboliviaes
¬∑
Jul 4, 2022
Organizaci√≥n gubernamental de Rusia","El Embajador particip√≥ en la apertura de http://JJ.EE en Entre R√≠os

El 30 de junio el Embajador ruso tom√≥ parte en una ceremonia inaugural de la 2a fase de los Juegos Estudiantiles del Tr√≥pico.

https://t.me/embrusbolivia/138?single‚Ä¶",,,5,14,"['https://pbs.twimg.com/semantic_core_img/1290392753013002240/mWq1iE5L?format=png&name=orig', 'https://pbs.twimg.com/media/FW3Hp2zWYAA66YW?format=jpg&name=small', 'https://pbs.twimg.com/media/FW3Hp2yWIAE-_RK?format=jpg&name=small', 'https://pbs.twimg.com/media/FW3Hp21WQAA3Mtg?format=jpg&name=small', 'https://pbs.twimg.com/media/FW3Hso0XgAI9XC_?format=jpg&name=small']",https://twitter.com/embrusboliviaes/status/1544110190466928642
Embajada de Rusia en Bolivia,@embrusboliviaes,2022-07-06T03:48:57.000Z,"Embajada de Rusia en Bolivia
@embrusboliviaes
¬∑
Jul 5, 2022
Organizaci√≥n gubernamental de Rusia","Rusia est√° en la vanguardia de la construcci√≥n de un nuevo mundo - canciller venezolano

https://t.me/embrusbolivia/145‚Ä¶",üîó,,2,1,"['https://pbs.twimg.com/semantic_core_img/1290392753013002240/mWq1iE5L?format=png&name=orig', 'https://pbs.twimg.com/media/FW9EdAFX0AMuiDm?format=jpg&name=medium']",https://twitter.com/embrusboliviaes/status/1544528804424699909
Embajada de Rusia en Bolivia,@embrusboliviaes,2022-07-06T19:35:55.000Z,"Embajada de Rusia en Bolivia
@embrusboliviaes
¬∑
Jul 6, 2022
Organizaci√≥n gubernamental de Rusia","Puntos clave del discurso del Ministro de Asuntos Exteriores de Rusia, S.Lavrov, durante las conversaciones con el Ministro de Relaciones Exteriores de la Rep√∫blica Bolivariana de Venezuela, C.Far√≠a (Parte 2)

https://t.me/embrusbolivia/146‚Ä¶",üîó,,1,4,"['https://pbs.twimg.com/semantic_core_img/1290392753013002240/mWq1iE5L?format=png&name=orig', 'https://pbs.twimg.com/media/FXAdXZKXEAcKUVp?format=jpg&name=medium']",https://twitter.com/embrusboliviaes/status/1544767115592613888
Embajada de Rusia en Bolivia,@embrusboliviaes,2022-07-12T17:22:13.000Z,"Embajada de Rusia en Bolivia
@embrusboliviaes
¬∑
Jul 12, 2022
Organizaci√≥n gubernamental de Rusia"," ¬°La Embajada de Rusia felicita a la ciudad de Uyuni, la hija predilecta de Bolivia, con su 133 aniversario!",,,18,63,"['https://pbs.twimg.com/semantic_core_img/1290392753013002240/mWq1iE5L?format=png&name=orig', 'https://pbs.twimg.com/media/FXe4ZSAX0AEPcni?format=jpg&name=900x900', 'https://pbs.twimg.com/media/FXe4ZTOXEAEN3r5?format=jpg&name=900x900']",https://twitter.com/embrusboliviaes/status/1546907796356071425
Embajada de Rusia en Bolivia,@embrusboliviaes,2022-07-10T02:04:47.000Z,"Embajada de Rusia en Bolivia
@embrusboliviaes
¬∑
Jul 9, 2022
Organizaci√≥n gubernamental de Rusia"," El 206 aniversario de la independencia de Argentina 

El 8 de julio el funcionario de la Embajada particip√≥ en los eventos festivos con motivo del D√≠a de la Independencia de Argentina.

https://t.me/embrusbolivia/151‚Ä¶",üîó,3,4,13,"['https://pbs.twimg.com/semantic_core_img/1290392753013002240/mWq1iE5L?format=png&name=orig', 'https://pbs.twimg.com/media/FXRTQuhX0AEvNQx?format=jpg&name=small', 'https://pbs.twimg.com/media/FXRTQugXgAIk91u?format=jpg&name=small', 'https://pbs.twimg.com/media/FXRTQugWAAAZTD2?format=jpg&name=small']",https://twitter.com/embrusboliviaes/status/1545952140941836289
Embajada de Rusia en Bolivia,@embrusboliviaes,2022-07-13T18:52:08.000Z,"Embajada de Rusia en Bolivia
@embrusboliviaes
¬∑
Jul 13, 2022
Organizaci√≥n gubernamental de Rusia"," En el sitio de web http://wearetogetherprize.com se ha empezado el proceso del registro de solicitudes para recibir el premio internacional ‚ÄúESTAMOSJUNTOS‚Äù que durar√° hasta el 15 de agosto. 

https://t.me/embrusbolivia/156‚Ä¶",üîó,2,,1,"['https://pbs.twimg.com/semantic_core_img/1290392753013002240/mWq1iE5L?format=png&name=orig', 'https://pbs.twimg.com/media/FXkWnCFX0AE4xlK?format=jpg&name=medium']",https://twitter.com/embrusboliviaes/status/1547292813376851969
Embajada de Rusia en Bolivia,@embrusboliviaes,2022-07-13T17:29:51.000Z,"Embajada de Rusia en Bolivia
@embrusboliviaes
¬∑
Jul 13, 2022
Organizaci√≥n gubernamental de Rusia"," Comentario (https://mid.ru/es/foreign_policy/news/1821511/‚Ä¶) de la portavoz del Ministerio de Exteriores ruso, Mar√≠a Zaj√°rova, en relaci√≥n con las declaraciones antirrusas del Primer Ministro de Jap√≥n, Fumio Kishida 

https://t.me/embrusbolivia/155‚Ä¶",‚ö° üîó,2,,1,"['https://pbs.twimg.com/semantic_core_img/1290392753013002240/mWq1iE5L?format=png&name=orig', 'https://pbs.twimg.com/media/FXkDnK2WQAE1SEn?format=jpg&name=medium']",https://twitter.com/embrusboliviaes/status/1547272103870750722
Embajada de Rusia en Bolivia,@embrusboliviaes,2022-07-15T02:01:42.000Z,"Embajada de Rusia en Bolivia
@embrusboliviaes
¬∑
Jul 14, 2022
Organizaci√≥n gubernamental de Rusia","La visita a Uyuni
 
El 11 de julio aprovechando la invitaci√≥n del alcalde de Uyuni Eusebio L√≥pez el Embajador ruso particip√≥ en los eventos festivos con motivo del 133 aniversario...

https://facebook.com/EmbRusBoliviaEs/videos/5297303290387147/‚Ä¶",üîó,,5,14,"['https://pbs.twimg.com/semantic_core_img/1290392753013002240/mWq1iE5L?format=png&name=orig', 'https://pbs.twimg.com/ext_tw_video_thumb/1547761791538589696/pu/img/OYlaxh-20hagYXgS.jpg']",https://twitter.com/embrusboliviaes/status/1547763305220939777
Embajada de Rusia en Bolivia,@embrusboliviaes,2022-07-18T23:03:42.000Z,"Embajada de Rusia en Bolivia
@embrusboliviaes
¬∑
Jul 18, 2022
Organizaci√≥n gubernamental de Rusia"," Viceministra de Deportes visita la Embajada

El 18 de julio en la Embajada se mantuvo una reuni√≥n con la Viceministra de Deportes Cielo Veizaga y los funcionarios del Ministerio de Salud y Deportes encargados de asuntos deportivos. 

https://facebook.com/EmbRusBoliviaEs/posts/pfbid0241cFUba7jfNS3NeEebgkkHmRTeuD8kdNKfvgmD855QdvgqxHFdS4aGmwkSzpZUXwl‚Ä¶",üîó,,1,2,"['https://pbs.twimg.com/semantic_core_img/1290392753013002240/mWq1iE5L?format=png&name=orig', 'https://pbs.twimg.com/media/FX-__vpWAAIK2F9?format=jpg&name=900x900', 'https://pbs.twimg.com/media/FX-__vqWIAA8LYu?format=jpg&name=small']",https://twitter.com/embrusboliviaes/status/1549168062041100290
Embajada de Rusia en Bolivia,@embrusboliviaes,2022-07-19T00:02:34.000Z,"Embajada de Rusia en Bolivia
@embrusboliviaes
¬∑
Jul 18, 2022
Organizaci√≥n gubernamental de Rusia"," 28 aniversario del atentado terrorista a la AMIA

El 18 de julio en la Plaza San Mart√≠n el funcionario de la Embajada particip√≥ en una ceremonia de colocaci√≥n de ofrendas florales,...

https://facebook.com/EmbRusBoliviaEs/posts/pfbid0A5p34BrMKbmsZX8nuaX3R5J5NjbQgNr3RF3iCGtmndvdAm63yvLfpgETCuK6pTF9l‚Ä¶",üîó,,2,4,"['https://pbs.twimg.com/semantic_core_img/1290392753013002240/mWq1iE5L?format=png&name=orig', 'https://pbs.twimg.com/media/FX_NnA2XgAE05lL?format=jpg&name=900x900', 'https://pbs.twimg.com/media/FX_NnA2WQAAXk9Z?format=jpg&name=small', 'https://pbs.twimg.com/media/FX_NnA0WIAAHEPt?format=jpg&name=small']",https://twitter.com/embrusboliviaes/status/1549182875282690049
Embajada de Rusia en Bolivia,@embrusboliviaes,2022-07-15T19:01:29.000Z,"Embajada de Rusia en Bolivia
@embrusboliviaes
¬∑
Jul 15, 2022
Organizaci√≥n gubernamental de Rusia"," El primer ministro h√∫ngaro, Viktor Orb√°n, ha afirmado que las sanciones antirrusas no contribuyen a solucionar el conflicto en Ucrania y perjudican a la econom√≠a europea.

https://t.me/embrusbolivia/157‚Ä¶",üîó,1,,2,"['https://pbs.twimg.com/semantic_core_img/1290392753013002240/mWq1iE5L?format=png&name=orig', 'https://pbs.twimg.com/media/FXurdRZUsAMUOYe?format=jpg&name=medium']",https://twitter.com/embrusboliviaes/status/1548019939893620736
Embajada de Rusia en Bolivia,@embrusboliviaes,2022-07-15T18:55:09.000Z,"Embajada de Rusia en Bolivia
@embrusboliviaes
¬∑
Jul 15, 2022
Organizaci√≥n gubernamental de Rusia","La visita a Potos√≠
 
En el transcurso de la visita al departamento de Potos√¨ el Embajador ruso mantuvo negociaciones con las autoridades municipales de Tupiza, Villaz√≥n y Colcha K. 

https://facebook.com/EmbRusBoliviaEs/posts/pfbid021ZrNrbNFMTW6yDZqpKKeAsVgQGoc7zCLgbHdEuEbdoYKh44zQae33Nxw9opnbmNel‚Ä¶",üîó,,,1,['https://pbs.twimg.com/semantic_core_img/1290392753013002240/mWq1iE5L?format=png&name=orig'],https://twitter.com/embrusboliviaes/status/1548018346095890434
Embajada de Rusia en Bolivia,@embrusboliviaes,2022-07-20T02:43:50.000Z,"Embajada de Rusia en Bolivia
@embrusboliviaes
¬∑
Jul 19, 2022
Organizaci√≥n gubernamental de Rusia"," Se levantan las restricciones temporales a la entrada en el territorio de la Federaci√≥n de Rusia para los ciudadanos extranjeros

https://facebook.com/EmbRusBoliviaEs/posts/pfbid0M2DNdxPMu2Q4dtFiASNcYCwmQ84qECudHN8J8YeP41VZAXFz8SCSpuN29Xdyoz7Jl‚Ä¶",üîó,,3,8,"['https://pbs.twimg.com/semantic_core_img/1290392753013002240/mWq1iE5L?format=png&name=orig', 'https://pbs.twimg.com/media/FYE8GpzXoAAeaTj?format=jpg&name=small']",https://twitter.com/embrusboliviaes/status/1549585846025654273
Embajada de Rusia en Bolivia,@embrusboliviaes,2022-07-22T16:44:41.000Z,"Embajada de Rusia en Bolivia
@embrusboliviaes
¬∑
Jul 22, 2022
Organizaci√≥n gubernamental de Rusia"," El funcionario de la Embajada de Rusia particip√≥ en la ceremonia de la colocaci√≥n de ofrendas florales con motivo del 43 aniversario de la revoluci√≥n sandinista, organizada por la Embajada de Nicaragua. 

https://facebook.com/EmbRusBoliviaEs/posts/pfbid0tp7sejtZr6ChK6WxXfc9z36KUEgPwufQW1Pxx4UwMox4ubru4ysmonnD8S1xVjwQl‚Ä¶",üîó,,1,5,"['https://pbs.twimg.com/semantic_core_img/1290392753013002240/mWq1iE5L?format=png&name=orig', 'https://pbs.twimg.com/media/FYSPrrEXwAIg2Yk?format=jpg&name=medium']",https://twitter.com/embrusboliviaes/status/1550522229238243328
Embajada de Rusia en Bolivia,@embrusboliviaes,2022-07-20T14:04:26.000Z,"Embajada de Rusia en Bolivia
@embrusboliviaes
¬∑
Jul 20, 2022
Organizaci√≥n gubernamental de Rusia"," Queridos amigos, les invitamos a leer nuevo art√≠culo del Canciller  Sergu√©i #Lavrov:

Cuanto antes se d√© cuenta el mundo de que no hay alternativa a los procesos hist√≥ricos en cuanto a la formaci√≥n de un mundo multipolar, ser√° mejor 

 Texto: https://t.me/embrusbolivia/161‚Ä¶",üîù ‚òù üîó,,1,4,"['https://pbs.twimg.com/semantic_core_img/1290392753013002240/mWq1iE5L?format=png&name=orig', 'https://pbs.twimg.com/media/FYHXrgXXgAIR1PT?format=jpg&name=medium']",https://twitter.com/embrusboliviaes/status/1549757125840314371
Embajada de Rusia en Bolivia,@embrusboliviaes,2022-07-22T16:41:14.000Z,"Embajada de Rusia en Bolivia
@embrusboliviaes
¬∑
Jul 22, 2022
Organizaci√≥n gubernamental de Rusia"," Aprovechando la invitaci√≥n de los dirigentes del departamento de Potos√≠ el Embajador ruso particip√≥ en la inauguraci√≥n de la 1a Feria Internacional del Cafe en Bolivia. 

https://facebook.com/EmbRusBoliviaEs/posts/pfbid02jxcUEaE7Dxhix5hs4xBmGBrFDvDDCUsMpyh35JJpQBCM7kds2iyFhd1gVrdAdTjql‚Ä¶",üîó,,1,8,"['https://pbs.twimg.com/semantic_core_img/1290392753013002240/mWq1iE5L?format=png&name=orig', 'https://pbs.twimg.com/media/FYSOwahWIAEtzaO?format=jpg&name=medium']",https://twitter.com/embrusboliviaes/status/1550521363454107650
Embajada de Rusia en Bolivia,@embrusboliviaes,2022-07-26T03:16:07.000Z,"Embajada de Rusia en Bolivia
@embrusboliviaes
¬∑
Jul 25, 2022
Organizaci√≥n gubernamental de Rusia","Durante su visita a la Rep√∫blica del Congo, el Canciller ruso, Sergu√©i Lavrov, hizo declaraciones sobre lo sucedido en Odesa y el grano ucraniano:

 No hay nada en los compromisos que asumi√≥ Rusia, ...

https://t.me/embrusbolivia/164‚Ä¶",üí¨ üîó,2,5,14,"['https://pbs.twimg.com/semantic_core_img/1290392753013002240/mWq1iE5L?format=png&name=orig', 'https://pbs.twimg.com/media/FYj9CWoWIAAM9I-?format=jpg&name=medium']",https://twitter.com/embrusboliviaes/status/1551768297368059904
Embajada de Rusia en Bolivia,@embrusboliviaes,2022-07-26T20:50:53.000Z,"Embajada de Rusia en Bolivia
@embrusboliviaes
¬∑
Jul 26, 2022
Organizaci√≥n gubernamental de Rusia",  El funcionario de la Embajada tom√≥ parte en un evento dedicado a la inauguraci√≥n del Mes de Cultura en La Paz con motivo del 213 aniversario de la Revoluci√≥n del 16 de julio de 1809z. La actividad fue organizada por el vicepresidente David Choquehuanca.,,,,4,"['https://pbs.twimg.com/semantic_core_img/1290392753013002240/mWq1iE5L?format=png&name=orig', 'https://pbs.twimg.com/ext_tw_video_thumb/1552033624161226752/pu/img/Z8fq554VLd1BcRoL.jpg']",https://twitter.com/embrusboliviaes/status/1552033739051606017
Embajada de Rusia en Bolivia,@embrusboliviaes,2022-07-26T15:30:05.000Z,"Embajada de Rusia en Bolivia
@embrusboliviaes
¬∑
Jul 26, 2022
Organizaci√≥n gubernamental de Rusia"," Encanto nocturno de La Paz

Aprovechando la invitaci√≥n del Viceministerio de Turismo el Embajador ruso, entre otros representantes del cuerpo diplom√°tico de Bolivia, particip√≥ en una excursi√≥n dedicada al desarrollo de un potencial tur√≠stico de La Paz.",,1,1,6,"['https://pbs.twimg.com/semantic_core_img/1290392753013002240/mWq1iE5L?format=png&name=orig', 'https://pbs.twimg.com/media/FYmk-dtWQAAWJZ9?format=jpg&name=small', 'https://pbs.twimg.com/media/FYmlBZCWYAE5Y1b?format=jpg&name=small', 'https://pbs.twimg.com/media/FYmlBbOXgAEgkHb?format=jpg&name=small']",https://twitter.com/embrusboliviaes/status/1551953007717367809
Embajada de Rusia en Bolivia,@embrusboliviaes,2022-07-26T14:40:01.000Z,"Embajada de Rusia en Bolivia
@embrusboliviaes
¬∑
Jul 26, 2022
Organizaci√≥n gubernamental de Rusia"," Diputados potosinos visitaron la Embajada 

El Embajador de Rusia recibi√≥ a una delegaci√≥n de los diputados y dirigentes regionales de Potos√≠. Se trataron temas de una cooperaci√≥n en los campos de educaci√≥n, gesti√≥n del agua, sistema sanitario y desarrollo infraestructural.",,,,,"['https://pbs.twimg.com/semantic_core_img/1290392753013002240/mWq1iE5L?format=png&name=orig', 'https://pbs.twimg.com/media/FYmZkwOXoAA-_mE?format=jpg&name=medium']",https://twitter.com/embrusboliviaes/status/1551940409294741504
Embajada de Rusia en Bolivia,@embrusboliviaes,2022-07-27T21:14:30.000Z,"Embajada de Rusia en Bolivia
@embrusboliviaes
¬∑
Jul 27, 2022
Organizaci√≥n gubernamental de Rusia"," El Embajador Mikhail Ledenev particip√≥ en el acto solemne dedicado al aniversario del asalto al cuartel de Moncada, realizado el 26 de julio de 1953 por los revolucionarios rebeldes encabezados por Fidel Castro Ruz.",,,,3,"['https://pbs.twimg.com/semantic_core_img/1290392753013002240/mWq1iE5L?format=png&name=orig', 'https://pbs.twimg.com/media/FYs9aZbWQAAgi0q?format=jpg&name=small', 'https://pbs.twimg.com/media/FYs9aZcWIAAgd6G?format=jpg&name=small', 'https://pbs.twimg.com/media/FYs9ccbWQAAFTbQ?format=jpg&name=small']",https://twitter.com/embrusboliviaes/status/1552402070636036098
Embajada de Rusia en Bolivia,@embrusboliviaes,2022-08-02T19:01:27.000Z,"Embajada de Rusia en Bolivia
@embrusboliviaes
¬∑
Aug 2, 2022
Organizaci√≥n gubernamental de Rusia"," El Embajador de Rusia particip√≥ en la ceremonia de inauguraci√≥n del torneo ‚ÄúCopa Evo‚Äù que se celebr√≥ en un magn√≠fico estadio de Villa Tunari. 

https://t.me/embrusbolivia/170‚Ä¶",üîó,,7,25,"['https://pbs.twimg.com/semantic_core_img/1290392753013002240/mWq1iE5L?format=png&name=orig', 'https://pbs.twimg.com/media/FZLYhp-X0AEXyuM?format=jpg&name=small', 'https://pbs.twimg.com/media/FZLYhp-XEAElN0U?format=jpg&name=small', 'https://pbs.twimg.com/media/FZLYhp9XkAAfPoe?format=jpg&name=small', 'https://pbs.twimg.com/media/FZLYhp_X0AAiyM1?format=jpg&name=small']",https://twitter.com/embrusboliviaes/status/1554542915170537472
Embajada de Rusia en Bolivia,@embrusboliviaes,2022-08-03T14:31:04.000Z,"Embajada de Rusia en Bolivia
@embrusboliviaes
¬∑
Aug 3, 2022
Organizaci√≥n gubernamental de Rusia"," La visita de Pelosi a Taiw√°n es una clara provocaci√≥n en el esp√≠ritu de la pol√≠tica de EEUU de contenci√≥n integral de China.

https://t.me/embrusbolivia/176‚Ä¶",‚ùó üîó,,1,3,"['https://pbs.twimg.com/semantic_core_img/1290392753013002240/mWq1iE5L?format=png&name=orig', 'https://pbs.twimg.com/media/FZPkPMIVsAEcK4V?format=jpg&name=medium']",https://twitter.com/embrusboliviaes/status/1554837258557014017
Embajada de Rusia en Bolivia,@embrusboliviaes,2022-08-01T16:30:58.000Z,"Embajada de Rusia en Bolivia
@embrusboliviaes
¬∑
Aug 1, 2022
Organizaci√≥n gubernamental de Rusia","Entrevista de CNN con Jeffrey Sachs, director del Centro de Desarrollo Sostenible de la Universidad de Colombia, en cuanto al conflicto en Ucrania [subt√≠tulos espa√±oles]

https://disk.yandex.ru/i/1xYaHP8dkz3G1g‚Ä¶",üîó,,,1,['https://pbs.twimg.com/semantic_core_img/1290392753013002240/mWq1iE5L?format=png&name=orig'],https://twitter.com/embrusboliviaes/status/1554142656690790401
Embajada de Rusia en Bolivia,@embrusboliviaes,2022-08-06T18:31:58.000Z,"Embajada de Rusia en Bolivia
@embrusboliviaes
¬∑
Aug 6, 2022
Organizaci√≥n gubernamental de Rusia","¬°El colectivo de la Embajada de Rusia felicita a los colegas y amigos bolivianos con el 197 aniversario de la fiesta nacional del pa√≠s - el D√≠a de la Independencia! ¬°Qu√© Bolivia siga siendo un estado libre y soberano, hoy y siempre! ",,1,17,50,"['https://pbs.twimg.com/semantic_core_img/1290392753013002240/mWq1iE5L?format=png&name=orig', 'https://pbs.twimg.com/media/FZf4Jo2XoAASW_E?format=jpg&name=small', 'https://pbs.twimg.com/media/FZf4JozXEAACRmQ?format=jpg&name=900x900']",https://twitter.com/embrusboliviaes/status/1555985047848685570
Embajada de Rusia en Bolivia,@embrusboliviaes,2022-08-04T15:14:36.000Z,"Embajada de Rusia en Bolivia
@embrusboliviaes
¬∑
Aug 4, 2022
Organizaci√≥n gubernamental de Rusia", El Embajador particip√≥ en la ceremonia de inauguraci√≥n de la 26 Feria de Libro celebrada en el Campo Ferial Chuquiago Marka de La Paz.,,,3,10,"['https://pbs.twimg.com/semantic_core_img/1290392753013002240/mWq1iE5L?format=png&name=orig', 'https://pbs.twimg.com/media/FZU3yyAXwAAEotw?format=jpg&name=small', 'https://pbs.twimg.com/media/FZU3yx8XkAAzkLR?format=jpg&name=small', 'https://pbs.twimg.com/media/FZU3yx8WYAArbsD?format=jpg&name=small', 'https://pbs.twimg.com/media/FZU3yx8XkAMVVTG?format=jpg&name=small']",https://twitter.com/embrusboliviaes/status/1555210601823195137
Embajada de Rusia en Bolivia,@embrusboliviaes,2022-08-12T14:45:19.000Z,"Embajada de Rusia en Bolivia
@embrusboliviaes
¬∑
Aug 12, 2022
Organizaci√≥n gubernamental de Rusia",¬øQu√© es Rusia?,,5,15,30,"['https://pbs.twimg.com/semantic_core_img/1290392753013002240/mWq1iE5L?format=png&name=orig', 'https://pbs.twimg.com/ext_tw_video_thumb/1558102018555781122/pu/img/J41V6qK0BZ9ZPIUW.jpg']",https://twitter.com/embrusboliviaes/status/1558102334961582083
Embajada de Rusia en Bolivia,@embrusboliviaes,2022-08-09T16:27:00.000Z,"Embajada de Rusia en Bolivia
@embrusboliviaes
¬∑
Aug 9, 2022
Organizaci√≥n gubernamental de Rusia"," Este 9 de agosto estamos celebrando el 124 aniversario del establecimiento de las relaciones diplom√°ticas entre la Federaci√≥n de Rusia y el Estado Plurinacional de Bolivia.

https://t.me/embrusbolivia/185‚Ä¶",üîó,2,27,89,"['https://pbs.twimg.com/semantic_core_img/1290392753013002240/mWq1iE5L?format=png&name=orig', 'https://pbs.twimg.com/media/FZu4CtfWIAA9r-V?format=jpg&name=medium']",https://twitter.com/embrusboliviaes/status/1557040762621132803
Embajada de Rusia en Bolivia,@embrusboliviaes,2022-08-18T15:54:07.000Z,"Embajada de Rusia en Bolivia
@embrusboliviaes
¬∑
Aug 18, 2022
Organizaci√≥n gubernamental de Rusia",Comunicado de prensa de la Embajada de Rusia,üìë,37,18,50,"['https://pbs.twimg.com/semantic_core_img/1290392753013002240/mWq1iE5L?format=png&name=orig', 'https://pbs.twimg.com/media/FadG6V9WYAApvjV?format=jpg&name=medium']",https://twitter.com/embrusboliviaes/status/1560293976346959872
Embajada de Rusia en Bolivia,@embrusboliviaes,2022-08-15T22:32:24.000Z,"Embajada de Rusia en Bolivia
@embrusboliviaes
¬∑
Aug 15, 2022
Organizaci√≥n gubernamental de Rusia"," Les invitamos a conocer el nuevo art√≠culo de Mikha√≠l Ledenev, el Embajador ruso en Bolivia, titulado ‚ÄúMosc√∫, ¬øculpable de todo?‚Äù, publicado en los peri√≥dicos nacionales ‚ÄúLa Raz√≥n‚Äù y ‚ÄúEl Diario‚Äù.

https://t.me/embrusbolivia/188‚Ä¶",üìÑ üîó,104,16,42,"['https://pbs.twimg.com/semantic_core_img/1290392753013002240/mWq1iE5L?format=png&name=orig', 'https://pbs.twimg.com/media/FaPFc2BXoAI0S5i?format=jpg&name=medium']",https://twitter.com/embrusboliviaes/status/1559307042157895682
Embajada de Rusia en Bolivia,@embrusboliviaes,2022-08-16T21:00:05.000Z,"Embajada de Rusia en Bolivia
@embrusboliviaes
¬∑
Aug 16, 2022
Organizaci√≥n gubernamental de Rusia"," El 12 agosto el Embajador de Rusia intervino en el Parlamento de Bolivia con motivo del D√≠a de la Juventud. En la ceremonia participaron el Presidente de la C√°mara de Diputados Freddy Mamani, los embajadores de Venezuela y Nicaragua, representantes de organizaciones juveniles.",,23,10,34,"['https://pbs.twimg.com/semantic_core_img/1290392753013002240/mWq1iE5L?format=png&name=orig', 'https://pbs.twimg.com/media/FaT58AFWAAQo8zQ?format=jpg&name=small', 'https://pbs.twimg.com/media/FaT58BbWYAEvWw4?format=jpg&name=small', 'https://pbs.twimg.com/media/FaT58BaWAAAG9Tc?format=jpg&name=small', 'https://pbs.twimg.com/media/FaT58BZWYAYnZGF?format=jpg&name=small']",https://twitter.com/embrusboliviaes/status/1559646197907873793
Embajada de Rusia en Bolivia,@embrusboliviaes,2022-08-16T00:31:11.000Z,"Embajada de Rusia en Bolivia
@embrusboliviaes
¬∑
Aug 15, 2022
Organizaci√≥n gubernamental de Rusia"," El Embajador de Rusia en la Feria del Libro

El 14 de agosto el Embajador de Rusia particip√≥ en la presentaci√≥n del libro de Isabel Rauber ‚ÄúMarta Harnecker: vida y pensamiento‚Äù llevada a cabo a cargo de Cris Gonz√°lez y Jos√© Pimentel.",,37,7,13,"['https://pbs.twimg.com/semantic_core_img/1290392753013002240/mWq1iE5L?format=png&name=orig', 'https://pbs.twimg.com/media/FaPgpyxWQAEFcSz?format=jpg&name=small', 'https://pbs.twimg.com/media/FaPgrJGX0AAuei5?format=jpg&name=900x900']",https://twitter.com/embrusboliviaes/status/1559336935881048064
Embajada de Rusia en Bolivia,@embrusboliviaes,2022-08-17T00:05:43.000Z,"Embajada de Rusia en Bolivia
@embrusboliviaes
¬∑
Aug 16, 2022
Organizaci√≥n gubernamental de Rusia",En la Embajada se mantuvo una reuni√≥n entre el Embajador de Rusia Mikha√≠l Ledenev y el rector de UMSA http://M.Sc.Oscar Heredia Vargas. Se discuti√≥ una cooperaci√≥n bilateral en el √°mbito de la educaci√≥n superior.,,24,1,15,"['https://pbs.twimg.com/semantic_core_img/1290392753013002240/mWq1iE5L?format=png&name=orig', 'https://pbs.twimg.com/media/FaUkb7bXoAA4t19?format=jpg&name=medium']",https://twitter.com/embrusboliviaes/status/1559692917496844290
Embajada de Rusia en Bolivia,@embrusboliviaes,2022-08-22T22:38:38.000Z,"Embajada de Rusia en Bolivia
@embrusboliviaes
¬∑
Aug 22, 2022
Organizaci√≥n gubernamental de Rusia"," ¬°Rusia celebra hoy el D√≠a de la Bandera Nacional!





 Presidente Vlad√≠mir Putin: ...

https://t.me/embrusbolivia/198‚Ä¶",‚ö™ ‚ö™ ‚ö™ ‚ö™ ‚ö™ ‚ö™ ‚ö™ ‚ö™ ‚ö™ ‚ö™ ‚ö™ ‚ö™ üîµ üîµ üîµ üîµ üîµ üîµ üîµ üîµ üîµ üîµ üîµ üîµ üî¥ üî¥ üî¥ üî¥ üî¥ üî¥ üî¥ üî¥ üî¥ üî¥ üî¥ üî¥ üí¨ üîó,,3,9,"['https://pbs.twimg.com/semantic_core_img/1290392753013002240/mWq1iE5L?format=png&name=orig', 'https://pbs.twimg.com/media/FazJ9veXoAM7rVT?format=jpg&name=900x900', 'https://pbs.twimg.com/media/FazKAReWAAMp08F?format=jpg&name=small']",https://twitter.com/embrusboliviaes/status/1561845328990576641
Embajada de Rusia en Bolivia,@embrusboliviaes,2022-08-19T13:21:57.000Z,"Embajada de Rusia en Bolivia
@embrusboliviaes
¬∑
Aug 19, 2022
Organizaci√≥n gubernamental de Rusia", El Embajador de Rusia particip√≥ en una ceremonia solemne de la izada de la bandera nacional y Wiphala alzadas por el presidente Luis Arce y vice presidente David Choquehuanca con motivo del 171 aniversario de la creaci√≥n de la bandera nacional.,,1,4,15,"['https://pbs.twimg.com/semantic_core_img/1290392753013002240/mWq1iE5L?format=png&name=orig', 'https://pbs.twimg.com/media/Faht266VEAEs2X4?format=jpg&name=900x900']",https://twitter.com/embrusboliviaes/status/1560618068807655424
Embajada de Rusia en Bolivia,@embrusboliviaes,2022-08-25T16:20:07.000Z,"Embajada de Rusia en Bolivia
@embrusboliviaes
¬∑
Aug 25, 2022
Organizaci√≥n gubernamental de Rusia"," La visita a la Universidad Aut√≥noma en Tarija

En el transcurso de su estancia en Tarija el Embajador de Rusia mantuvo una reuni√≥n con Eduardo Cortez, el rector de la Universidad Aut√≥noma Juan Misael Saracho, y los catedr√°ticos del centro docente.",,,2,9,"['https://pbs.twimg.com/semantic_core_img/1290392753013002240/mWq1iE5L?format=png&name=orig', 'https://pbs.twimg.com/media/FbBQLLIXEAAHiot?format=jpg&name=large', 'https://pbs.twimg.com/media/FbBQLMpXEAAllv-?format=jpg&name=large']",https://twitter.com/embrusboliviaes/status/1562837232976769026
Embajada de Rusia en Bolivia,@embrusboliviaes,2022-08-25T14:27:15.000Z,"Embajada de Rusia en Bolivia
@embrusboliviaes
¬∑
Aug 25, 2022
Organizaci√≥n gubernamental de Rusia","La pel√≠cula boliviana ""El visitante"" se presentar√° en el Festival Internacional de Cine de Mosc√∫

https://sputniknews.lat/20220818/la-pelicula-boliviana-el-visitante-se-presentara-en-el-festival-internacional-de-cine-de-moscu-1129542140.html‚Ä¶",üîó,,,2,"['https://pbs.twimg.com/semantic_core_img/1290392753013002240/mWq1iE5L?format=png&name=orig', 'https://pbs.twimg.com/media/FbA2WNzWQAANvTf?format=jpg&name=medium']",https://twitter.com/embrusboliviaes/status/1562808831570165762
Embajada de Rusia en Bolivia,@embrusboliviaes,2022-08-31T15:46:44.000Z,"Embajada de Rusia en Bolivia
@embrusboliviaes
¬∑
Aug 31, 2022
Organizaci√≥n gubernamental de Rusia"," El Presidente de Rusia, Vlad√≠mir Putin, expres√≥ sus condolencias en relaci√≥n con la muerte del √∫ltimo mandatario de la URSS, Mija√≠l Gorbachov.

https://t.me/embrusbolivia/212‚Ä¶",üïØ üîó,,,1,"['https://pbs.twimg.com/semantic_core_img/1290392753013002240/mWq1iE5L?format=png&name=orig', 'https://pbs.twimg.com/media/FbgCE1jXwAUqWvW?format=jpg&name=medium']",https://twitter.com/embrusboliviaes/status/1565003159067656192
Embajada de Rusia en Bolivia,@embrusboliviaes,2022-08-31T15:34:38.000Z,"Embajada de Rusia en Bolivia
@embrusboliviaes
¬∑
Aug 31, 2022
Organizaci√≥n gubernamental de Rusia"," El Ministerio de Defensa ruso sigue analizando la situaci√≥n en la central nuclear de Zaporiyia (https://t.me/mod_russia_en/3490‚Ä¶). 

 Desde el 18 de julio, la instalaci√≥n ha sido bombardeada sistem√°ticamente por las fuerzas armadas ucranianas.

https://t.me/embrusbolivia/209‚Ä¶",‚ö° üîπ üîó,6,,1,"['https://pbs.twimg.com/semantic_core_img/1290392753013002240/mWq1iE5L?format=png&name=orig', 'https://pbs.twimg.com/media/Fbf_BtQXkAURWoA?format=jpg&name=medium']",https://twitter.com/embrusboliviaes/status/1565000115361816577
Embajada de Rusia en Bolivia,@embrusboliviaes,2022-09-07T16:52:59.000Z,"Embajada de Rusia en Bolivia
@embrusboliviaes
¬∑
Sep 7, 2022
Organizaci√≥n gubernamental de Rusia","Puntos clave del discurso de Vlad√≠mir Putin en en el Foro Econ√≥mico Oriental hasta este momento: 

La calidad de vida de los europeos est√° siendo arrojada al 'horno de las sanciones'

https://t.me/embrusbolivia/216‚Ä¶",‚ùó ‚ñ™ üîó,,2,5,"['https://pbs.twimg.com/semantic_core_img/1290392753013002240/mWq1iE5L?format=png&name=orig', 'https://pbs.twimg.com/media/FcEUGeMXkAEuhk8?format=jpg&name=900x900']",https://twitter.com/embrusboliviaes/status/1567556549630894085
Embajada de Rusia en Bolivia,@embrusboliviaes,2022-09-03T18:32:41.000Z,"Embajada de Rusia en Bolivia
@embrusboliviaes
¬∑
Sep 3, 2022
Organizaci√≥n gubernamental de Rusia"," Condenamos rotundamente el cobarde ataque contra Cristina Fern√°ndez de Kirchner. 

 No hay ni puede haber justificaci√≥n alguna para los actos de violencia pol√≠tica.

https://t.me/embrusbolivia/214‚Ä¶",‚ö° ‚ùó üîó,,1,3,"['https://pbs.twimg.com/semantic_core_img/1290392753013002240/mWq1iE5L?format=png&name=orig', 'https://pbs.twimg.com/media/FbwEyApXgAUV92F?format=jpg&name=medium']",https://twitter.com/embrusboliviaes/status/1566132086892904452
Embajada de Rusia en Bolivia,@embrusboliviaes,2022-09-03T18:34:03.000Z,"Embajada de Rusia en Bolivia
@embrusboliviaes
¬∑
Sep 3, 2022
Organizaci√≥n gubernamental de Rusia","Una vez una compa√±era nuestra nos dijo: ¬´Si sus suscriptores deciden visitar Rusia el 3 de septiembre, tienen que estar preparados para dar la vuelta a la hoja del calendario¬ª

¬øQu√© nos quer√≠a decir con eso? 

https://t.me/embrusbolivia/215‚Ä¶",ü§î üîó,,,4,"['https://pbs.twimg.com/semantic_core_img/1290392753013002240/mWq1iE5L?format=png&name=orig', 'https://pbs.twimg.com/ext_tw_video_thumb/1566132280686436352/pu/img/YP4gNTiIM0UF1PSb.jpg']",https://twitter.com/embrusboliviaes/status/1566132430125269001
Embajada de Rusia en Bolivia,@embrusboliviaes,2022-09-12T19:20:07.000Z,"Embajada de Rusia en Bolivia
@embrusboliviaes
¬∑
Sep 12, 2022
Organizaci√≥n gubernamental de Rusia"," Comentario ofrecido por la portavoz de la Canciller√≠a rusa, Mar√≠a Zaj√°rova, sobre las acusaciones, lanzadas contra Rusia, de unas ""actividades de filtraci√≥n"" crueles contra los ciudadanos ucranianos

https://t.me/embrusbolivia/218‚Ä¶",üéô üîó,1,6,8,"['https://pbs.twimg.com/semantic_core_img/1290392753013002240/mWq1iE5L?format=png&name=orig', 'https://pbs.twimg.com/media/Fcel9DhWQAAbToN?format=jpg&name=medium']",https://twitter.com/embrusboliviaes/status/1569405516643803137
Embajada de Rusia en Bolivia,@embrusboliviaes,2022-09-15T00:59:26.000Z,"Embajada de Rusia en Bolivia
@embrusboliviaes
¬∑
Sep 14, 2022
Organizaci√≥n gubernamental de Rusia", ¬øAlguna vez fuiste a Tula? Te invitamos a un recorrido en video ,üõ´,2,1,5,"['https://pbs.twimg.com/semantic_core_img/1290392753013002240/mWq1iE5L?format=png&name=orig', 'https://pbs.twimg.com/ext_tw_video_thumb/1570214877137879041/pu/img/pahVnTIrHMmNd2R1.jpg']",https://twitter.com/embrusboliviaes/status/1570215682339647489
Embajada de Rusia en Bolivia,@embrusboliviaes,2022-09-19T16:24:56.000Z,"Embajada de Rusia en Bolivia
@embrusboliviaes
¬∑
Sep 19, 2022
Organizaci√≥n gubernamental de Rusia"," SOBRE LOS ENTIERROS EN IZIUM 
Queridos amigos, no se dejen caer en la misma trampa propagand√≠stica. 
 ",‚Äº ‚Äº üîó ‚Äº ‚Äº,3,3,5,"['https://pbs.twimg.com/semantic_core_img/1290392753013002240/mWq1iE5L?format=png&name=orig', 'https://pbs.twimg.com/card_img/1645821911014752258/096Q0w8e?format=jpg&name=360x360']",https://twitter.com/embrusboliviaes/status/1571898144056639490
Embajada de Rusia en Bolivia,@embrusboliviaes,2022-09-27T15:04:26.000Z,"Embajada de Rusia en Bolivia
@embrusboliviaes
¬∑
Sep 27, 2022
Organizaci√≥n gubernamental de Rusia","Expresamos nuestras condolencias a las familias de las v√≠ctimas del tiroteo en la escuela de Izhevsk, Rusia

https://t.me/embrusbolivia/229‚Ä¶",üîó,,2,4,"['https://pbs.twimg.com/semantic_core_img/1290392753013002240/mWq1iE5L?format=png&name=orig', 'https://pbs.twimg.com/media/Fdq7F5IWQAMsTy8?format=jpg&name=360x360']",https://twitter.com/embrusboliviaes/status/1574776989524844547
Embajada de Rusia en Bolivia,@embrusboliviaes,2022-09-26T16:19:58.000Z,"Embajada de Rusia en Bolivia
@embrusboliviaes
¬∑
Sep 26, 2022
Organizaci√≥n gubernamental de Rusia"," El 21 de septiembre, al margen del 77¬∞ per√≠odo de sesiones de la Asamblea General de la ONU, el Canciller ruso, Sergu√©i Lavrov, sostuvo varias reuniones con sus hom√≥logos extranjeros, entre ellos los Cancilleres de Venezuela, Bolivia y Brasil.

https://t.me/embrusbolivia/221‚Ä¶",üìÜ üîó,,1,10,"['https://pbs.twimg.com/semantic_core_img/1290392753013002240/mWq1iE5L?format=png&name=orig', 'https://pbs.twimg.com/media/FdmC4f9X0AERW-U?format=jpg&name=small', 'https://pbs.twimg.com/media/FdmC4f7WYAAYfe5?format=jpg&name=small', 'https://pbs.twimg.com/media/FdmC4f7WAAAx_F5?format=jpg&name=small', 'https://pbs.twimg.com/media/FdmC4f8WYAEtPar?format=jpg&name=small']",https://twitter.com/embrusboliviaes/status/1574433607720247296
Embajada de Rusia en Bolivia,@embrusboliviaes,2022-09-26T16:59:06.000Z,"Embajada de Rusia en Bolivia
@embrusboliviaes
¬∑
Sep 26, 2022
Organizaci√≥n gubernamental de Rusia"," El Canciller ruso, Sergu√©i Lavrov, durante una rueda de prensa en el marco del 77¬∫ per√≠odo de sesiones de la Asamblea General de la ONU:

https://t.me/embrusbolivia/228‚Ä¶",üéô üîó,1,,3,"['https://pbs.twimg.com/semantic_core_img/1290392753013002240/mWq1iE5L?format=png&name=orig', 'https://pbs.twimg.com/media/FdmL7cKWIAU9qPb?format=jpg&name=medium']",https://twitter.com/embrusboliviaes/status/1574443456956596224
Embajada de Rusia en Bolivia,@embrusboliviaes,2022-09-30T14:12:11.000Z,"Embajada de Rusia en Bolivia
@embrusboliviaes
¬∑
Sep 30, 2022
Organizaci√≥n gubernamental de Rusia","#MomentoHist√≥rico

 El Presidente de Rusia, Vlad√≠mir Putin, firm√≥ los acuerdos sobre la incorporaci√≥n de cuatro nuevas regiones al pa√≠s: las Rep√∫blicas Populares de Donetsk y Lugansk y las regiones de Jers√≥n y Zaporozhie.

https://t.me/embrusbolivia/234‚Ä¶",‚úç üîó,3,5,11,"['https://pbs.twimg.com/semantic_core_img/1290392753013002240/mWq1iE5L?format=png&name=orig', 'https://pbs.twimg.com/media/Fd6MIh7XgAIynof?format=jpg&name=medium']",https://twitter.com/embrusboliviaes/status/1575851003119034368
Embajada de Rusia en Bolivia,@embrusboliviaes,2022-09-30T22:12:00.000Z,"Embajada de Rusia en Bolivia
@embrusboliviaes
¬∑
Sep 30, 2022
Organizaci√≥n gubernamental de Rusia"," La Comisi√≥n Econ√≥mico Euroasi√°tica (CEE) comenz√≥ a trabajar en la implementaci√≥n del proyecto piloto ""Bus El√©ctrico Euroasi√°tico""

 https://t.me/embrusbolivia/237‚Ä¶",üì¢ üì¢ üì¢ üîó,1,1,3,"['https://pbs.twimg.com/semantic_core_img/1290392753013002240/mWq1iE5L?format=png&name=orig', 'https://pbs.twimg.com/media/Fd7evNgWIAAk2e0?format=jpg&name=medium']",https://twitter.com/embrusboliviaes/status/1575971751149932544
Embajada de Rusia en Bolivia,@embrusboliviaes,2022-10-01T19:11:44.000Z,"Embajada de Rusia en Bolivia
@embrusboliviaes
¬∑
Oct 1, 2022
Organizaci√≥n gubernamental de Rusia"," Les invitamos a leer el discurso completo del Presidente ruso, Vlad√≠mir Putin, durante la ceremonia de la firma de acuerdos sobre la incorporaci√≥n a Rusia de las rep√∫blicas de Donetsk y Lugansk y las provincias de Jers√≥n y Zaporozhie.

https://t.me/embrusbolivia/239‚Ä¶",üìñ üîó,1,,7,"['https://pbs.twimg.com/semantic_core_img/1290392753013002240/mWq1iE5L?format=png&name=orig', 'https://pbs.twimg.com/media/FeAaN-XXgAAItUx?format=jpg&name=medium']",https://twitter.com/embrusboliviaes/status/1576288774274748417
Embajada de Rusia en Bolivia,@embrusboliviaes,2022-09-30T20:59:00.000Z,"Embajada de Rusia en Bolivia
@embrusboliviaes
¬∑
Sep 30, 2022
Organizaci√≥n gubernamental de Rusia","Del 26 al 28 de septiembre de 2022 en Mosc√∫ se celebr√≥ la Quinta Ronda de negociaciones de un Tratado de Libre Comercio entre la Uni√≥n Econ√≥mica Euroasi√°tica (UEEA) e Ir√°n

Reemplazar√° el actual Acuerdo Comercial Preferencial Temporal.

https://t.me/embrusbolivia/236‚Ä¶",üîó,2,1,3,"['https://pbs.twimg.com/semantic_core_img/1290392753013002240/mWq1iE5L?format=png&name=orig', 'https://pbs.twimg.com/media/Fd7b6b8WADMugyP?format=jpg&name=900x900']",https://twitter.com/embrusboliviaes/status/1575953380010254336
Embajada de Rusia en Bolivia,@embrusboliviaes,2022-09-30T19:55:27.000Z,"Embajada de Rusia en Bolivia
@embrusboliviaes
¬∑
Sep 30, 2022
Organizaci√≥n gubernamental de Rusia","El Fondo Euroasi√°tico para la Estabilizaci√≥n y el Desarrollo (EFSD) es una instituci√≥n financiera regional con un capital de USD 8.513 millones.

Fue establecido el 9 de junio de 2009 por Armenia, Bielorrusia, Kazajst√°n, Kirguist√°n, Rusia y Tayikist√°n.

https://t.me/embrusbolivia/235‚Ä¶",üîó,1,,3,"['https://pbs.twimg.com/semantic_core_img/1290392753013002240/mWq1iE5L?format=png&name=orig', 'https://pbs.twimg.com/media/Fd7aoK1WAA4ncmF?format=jpg&name=900x900']",https://twitter.com/embrusboliviaes/status/1575937389721157640
Embajada de Rusia en Bolivia,@embrusboliviaes,2022-09-28T20:57:26.000Z,"Embajada de Rusia en Bolivia
@embrusboliviaes
¬∑
Sep 28, 2022
Organizaci√≥n gubernamental de Rusia","Declaraci√≥n del Ministerio de Asuntos Exteriores de Rusia en relaci√≥n con la celebraci√≥n de refer√©ndums en las Rep√∫blicas Populares de Donetsk y Lugansk, las provincias de Jers√≥n y Zaporiyia

https://t.me/embrusbolivia/233‚Ä¶",üîó,1,1,7,"['https://pbs.twimg.com/semantic_core_img/1290392753013002240/mWq1iE5L?format=png&name=orig', 'https://pbs.twimg.com/media/FdxVtBbWACUWgxc?format=jpg&name=medium']",https://twitter.com/embrusboliviaes/status/1575228209410453504
Embajada de Rusia en Bolivia,@embrusboliviaes,2022-10-06T15:15:24.000Z,"Embajada de Rusia en Bolivia
@embrusboliviaes
¬∑
Oct 6, 2022
Organizaci√≥n gubernamental de Rusia"," La portavoz del Ministerio de Exteriores, Mar√≠a Zaj√°rova: El reciente decreto del Presidente ucraniano aprob√≥ la decisi√≥n del Consejo de Seguridad Nacional y Defensa que sostiene que es ""imposible"" mantener conversaciones con el Presidente ruso.

https://t.me/embrusbolivia/240‚Ä¶",üí¨ üîó,1,2,1,"['https://pbs.twimg.com/semantic_core_img/1290392753013002240/mWq1iE5L?format=png&name=orig', 'https://pbs.twimg.com/media/FeZUI4PVEAETy_F?format=jpg&name=medium']",https://twitter.com/embrusboliviaes/status/1578041238875348993
Embajada de Rusia en Bolivia,@embrusboliviaes,2022-10-09T16:13:42.000Z,"Embajada de Rusia en Bolivia
@embrusboliviaes
¬∑
Oct 9, 2022
Organizaci√≥n gubernamental de Rusia"," El Canciller ruso, Sergu√©i Lavrov, habl√≥ de la cooperaci√≥n entre Rusia y Am√©rica Latina en una entrevista al peri√≥dico Argumenty i Fakty.

https://t.me/embrusbolivia/243‚Ä¶",üóû üîó,2,4,4,"['https://pbs.twimg.com/semantic_core_img/1290392753013002240/mWq1iE5L?format=png&name=orig', 'https://pbs.twimg.com/media/Feo-P-vXoAQIcs_?format=jpg&name=medium']",https://twitter.com/embrusboliviaes/status/1579143072927354880
Embajada de Rusia en Bolivia,@embrusboliviaes,2022-10-09T14:52:32.000Z,"Embajada de Rusia en Bolivia
@embrusboliviaes
¬∑
Oct 9, 2022
Organizaci√≥n gubernamental de Rusia","Continuamos con la serie de publicaciones sobre la Uni√≥n Econ√≥mica Euroasi√°tica (#UEE).

La publicaci√≥n de hoy se dedica al sector financiero.

https://t.me/embrusbolivia/242‚Ä¶",üîó,1,3,3,"['https://pbs.twimg.com/semantic_core_img/1290392753013002240/mWq1iE5L?format=png&name=orig', 'https://pbs.twimg.com/media/FeormRoXEAQy226?format=jpg&name=small']",https://twitter.com/embrusboliviaes/status/1579122645861224448
Embajada de Rusia en Bolivia,@embrusboliviaes,2022-10-14T01:10:01.000Z,"Embajada de Rusia en Bolivia
@embrusboliviaes
¬∑
Oct 13, 2022
Organizaci√≥n gubernamental de Rusia","* La Uni√≥n Econ√≥mica Euroasi√°tica (UEE), el organismo que se consolida como una plataforma de integraci√≥n en el espacio post-sovi√©tico. 

https://t.me/embrusbolivia/246‚Ä¶",üîó,1,4,6,"['https://pbs.twimg.com/semantic_core_img/1290392753013002240/mWq1iE5L?format=png&name=orig', 'https://pbs.twimg.com/media/Fe_fXXGX0AIbLks?format=jpg&name=small']",https://twitter.com/embrusboliviaes/status/1580727595318247424
Embajada de Rusia en Bolivia,@embrusboliviaes,2022-10-14T02:32:59.000Z,"Embajada de Rusia en Bolivia
@embrusboliviaes
¬∑
Oct 13, 2022
Organizaci√≥n gubernamental de Rusia"," Datos estad√≠sticos de producci√≥n de valores en la
Uni√≥n Econ√≥mica Euroasi√°tica* (primeros 6 meses 2022)
 
PRODUCTO INTERNO BRUTO - USD 1,06 billones
Incl. Federaci√≥n de Rusia - USD 926,1 mil millones
 ",üìà ‚ùó üîó üìà ‚ùó,1,,3,"['https://pbs.twimg.com/semantic_core_img/1290392753013002240/mWq1iE5L?format=png&name=orig', 'https://pbs.twimg.com/card_img/1646882337433731072/cwSpCy2T?format=jpg&name=360x360']",https://twitter.com/embrusboliviaes/status/1580748474106011649
Embajada de Rusia en Bolivia,@embrusboliviaes,2022-10-22T02:55:49.000Z,"Embajada de Rusia en Bolivia
@embrusboliviaes
¬∑
Oct 21, 2022
Organizaci√≥n gubernamental de Rusia"," Ministro de Defensa de Rusia abord√≥ situaci√≥n en Ucrania con su hom√≥logo de EE.UU.

https://t.me/embrusbolivia/255‚Ä¶",üîó,3,4,18,"['https://pbs.twimg.com/semantic_core_img/1290392753013002240/mWq1iE5L?format=png&name=orig', 'https://pbs.twimg.com/media/FfpERDRWYAAK3IJ?format=jpg&name=small']",https://twitter.com/embrusboliviaes/status/1583653321453146113
Embajada de Rusia en Bolivia,@embrusboliviaes,2022-10-19T14:29:48.000Z,"Embajada de Rusia en Bolivia
@embrusboliviaes
¬∑
Oct 19, 2022
Organizaci√≥n gubernamental de Rusia","Viaje por el Anillo de Oro, el coraz√≥n de Rusia

El Anillo de Oro es una popular ruta tur√≠stica en Rusia Central.

https://t.me/embrusbolivia/248‚Ä¶",üîó,1,,1,"['https://pbs.twimg.com/semantic_core_img/1290392753013002240/mWq1iE5L?format=png&name=orig', 'https://pbs.twimg.com/media/FfcGKs4X0AEBh76?format=jpg&name=small', 'https://pbs.twimg.com/media/FfcGKszWAAQz4i5?format=jpg&name=small', 'https://pbs.twimg.com/media/FfcGPReX0Acg7ni?format=jpg&name=small', 'https://pbs.twimg.com/media/FfcGQjwXkAIHv2e?format=jpg&name=small']",https://twitter.com/embrusboliviaes/status/1582740805265285121
Embajada de Rusia en Bolivia,@embrusboliviaes,2022-10-24T22:01:36.000Z,"Embajada de Rusia en Bolivia
@embrusboliviaes
¬∑
Oct 24, 2022
Organizaci√≥n gubernamental de Rusia"," El Viceministro de Exteriores ruso, Sergu√©i Riabkov, habl√≥ de posibles acuerdos en torno a la central nuclear de Zaporozhie:

https://t.me/embrusbolivia/257‚Ä¶",üéô üîó,1,1,3,"['https://pbs.twimg.com/semantic_core_img/1290392753013002240/mWq1iE5L?format=png&name=orig', 'https://pbs.twimg.com/media/Ff3ds2PWAAUjJ6p?format=jpg&name=medium']",https://twitter.com/embrusboliviaes/status/1584666444310417408
Embajada de Rusia en Bolivia,@embrusboliviaes,2022-10-25T00:09:56.000Z,"Embajada de Rusia en Bolivia
@embrusboliviaes
¬∑
Oct 24, 2022
Organizaci√≥n gubernamental de Rusia","Experto ruso particip√≥ en XIV Jornadas Bolivianas de Derecho Tributario
 
 Del 19 al 21 de octubre en el campo ferial ‚ÄúChuquiago Marka‚Äù (La Paz) se celebraron las XIV Jornadas Bolivianas de Derecho Tributario.

https://t.me/embrusbolivia/258‚Ä¶",üîπ üîó,1,1,4,"['https://pbs.twimg.com/semantic_core_img/1290392753013002240/mWq1iE5L?format=png&name=orig', 'https://pbs.twimg.com/media/Ff37GjDXgAISiDR?format=jpg&name=900x900', 'https://pbs.twimg.com/media/Ff37GjDXkAAWNrw?format=jpg&name=small']",https://twitter.com/embrusboliviaes/status/1584698741281284096
Embajada de Rusia en Bolivia,@embrusboliviaes,2022-10-29T23:41:09.000Z,"Embajada de Rusia en Bolivia
@embrusboliviaes
¬∑
Oct 29, 2022
Organizaci√≥n gubernamental de Rusia"," Comentario de la portavoz del MAE de Rusia, M.Zaj√°rova, sobre la participaci√≥n de Gran Breta√±a en el ataque terrorista en Sebastopol.

https://t.me/embrusbolivia/269‚Ä¶",‚ö° üîó,1,3,1,"['https://pbs.twimg.com/semantic_core_img/1290392753013002240/mWq1iE5L?format=png&name=orig', 'https://pbs.twimg.com/media/FgRkRv0WYAEHXhJ?format=jpg&name=900x900']",https://twitter.com/embrusboliviaes/status/1586503434659938305
Embajada de Rusia en Bolivia,@embrusboliviaes,2022-10-31T16:30:24.000Z,"Embajada de Rusia en Bolivia
@embrusboliviaes
¬∑
Oct 31, 2022
Organizaci√≥n gubernamental de Rusia","Ma√±ana, el 1 de noviembre, en el Teatro Municipal Alberto Saavedra P√©rez se celebrar√° el CONCIERTO DE GALA de la Orquesta Filarm√≥nica de Cochabamba con motivo del 15 Aniversario del grupo art√≠stico 

https://t.me/embrusbolivia/271‚Ä¶",üéº üî• üîó,1,,2,"['https://pbs.twimg.com/semantic_core_img/1290392753013002240/mWq1iE5L?format=png&name=orig', 'https://pbs.twimg.com/media/FgaVAJqWIAEso7s?format=jpg&name=medium']",https://twitter.com/embrusboliviaes/status/1587119809036259330
Embajada de Rusia en Bolivia,@embrusboliviaes,2022-10-31T15:17:37.000Z,"Embajada de Rusia en Bolivia
@embrusboliviaes
¬∑
Oct 31, 2022
Organizaci√≥n gubernamental de Rusia","PRESENTACI√ìN DE LA UNIVERSIDAD ESTATAL DE SAN PETERSBURGO EN ESPAN√ìL

¬°Queridos amigos!

La Universidad Estatal de San Petersburgo los invita a participar en el encuentro informativo de la Universidad con interesados extranjeros, en espa√±ol.

https://t.me/embrusbolivia/270‚Ä¶",üîó,1,,1,"['https://pbs.twimg.com/semantic_core_img/1290392753013002240/mWq1iE5L?format=png&name=orig', 'https://pbs.twimg.com/media/FgaESLcWYAA0ymI?format=jpg&name=medium']",https://twitter.com/embrusboliviaes/status/1587101490916859904
Embajada de Rusia en Bolivia,@embrusboliviaes,2022-10-29T23:43:34.000Z,"Embajada de Rusia en Bolivia
@embrusboliviaes
¬∑
Oct 29, 2022
Organizaci√≥n gubernamental de Rusia"," Declaraci√≥n del Ministerio de Asuntos Exteriores de Rusia sobre la ""Iniciativa del Mar Negro"" para la exportaci√≥n de alimentos ucranianos",üéô üîó üéô üí¨,1,2,2,"['https://pbs.twimg.com/semantic_core_img/1290392753013002240/mWq1iE5L?format=png&name=orig', 'https://pbs.twimg.com/card_img/1647576025197363201/UiUhkAdx?format=jpg&name=360x360']",https://twitter.com/embrusboliviaes/status/1586504042309513217
Embajada de Rusia en Bolivia,@embrusboliviaes,2022-11-04T18:43:59.000Z,"Embajada de Rusia en Bolivia
@embrusboliviaes
¬∑
Nov 4, 2022
Organizaci√≥n gubernamental de Rusia","Rusia celebra el ‚ÄúD√≠a de la unidad popular‚Äù 
Adquiere el ejemplar con la edici√≥n impresa de la Raz√≥n 
M√°s informaci√≥n: https://linkedin.com/posts/la-raz%C3%B3n_especial-rusia-activity-6994289038467678208-RU1o?utm_source=share&utm_medium=member_desktop‚Ä¶

#LaRaz√≥n #Rusia #Viernes #D√≠aDeLaUnidadPopularDeRusia #Noviembre #LaRaz√≥nPlus",üòÅ üíØ,2,,6,"['https://pbs.twimg.com/semantic_core_img/1290392753013002240/mWq1iE5L?format=png&name=orig', 'https://pbs.twimg.com/media/FgvZ-5bX0AAyet3?format=jpg&name=medium']",https://twitter.com/embrusboliviaes/status/1588602977845379074
Embajada de Rusia en Bolivia,@embrusboliviaes,2022-11-04T14:50:14.000Z,"Embajada de Rusia en Bolivia
@embrusboliviaes
¬∑
Nov 4, 2022
Organizaci√≥n gubernamental de Rusia"," El 4 de noviembre Rusia celebra el D√≠a de la Unidad Popular, que conmemora el levantamiento popular que liber√≥ Mosc√∫ de los invasores polacos hace m√°s de cuatro siglos.

https://t.me/embrusbolivia/278‚Ä¶",üîó,3,4,7,"['https://pbs.twimg.com/semantic_core_img/1290392753013002240/mWq1iE5L?format=png&name=orig', 'https://pbs.twimg.com/media/FgukVcoWQAIGGXG?format=jpg&name=medium']",https://twitter.com/embrusboliviaes/status/1588544152462950401
Embajada de Rusia en Bolivia,@embrusboliviaes,2022-11-03T13:51:45.000Z,"Embajada de Rusia en Bolivia
@embrusboliviaes
¬∑
Nov 3, 2022
Organizaci√≥n gubernamental de Rusia","El 1 de noviembre en el Teatro Municipal Alberto Saavedra P√©rez de La Paz se celebr√≥ un concierto de la Orquesta Filarm√≥nica de Cochabamba dedicado al 15 aniversario del grupo art√≠stico, fundado y dirigido por Augusto Guzm√°n.

https://t.me/embrusbolivia/275‚Ä¶",üîó,2,1,4,"['https://pbs.twimg.com/semantic_core_img/1290392753013002240/mWq1iE5L?format=png&name=orig', 'https://pbs.twimg.com/media/FgpNavbWQAMnUS_?format=jpg&name=small', 'https://pbs.twimg.com/media/FgpNavhX0AAy9cI?format=jpg&name=small', 'https://pbs.twimg.com/media/FgpNavbWQAQULey?format=jpg&name=small']",https://twitter.com/embrusboliviaes/status/1588167046952542208
Embajada de Rusia en Bolivia,@embrusboliviaes,2022-11-02T16:38:46.000Z,"Embajada de Rusia en Bolivia
@embrusboliviaes
¬∑
Nov 2, 2022
Organizaci√≥n gubernamental de Rusia"," Declaraci√≥n del Ministerio de Exteriores de Rusia sobre la prevenci√≥n de una guerra nuclear

 Rusia tiene una responsabilidad especial de fortalecer la seguridad internacional y la estabilidad estrat√©gica.",üéô ‚òù üîó üéô ‚òù,1,1,2,"['https://pbs.twimg.com/semantic_core_img/1290392753013002240/mWq1iE5L?format=png&name=orig', 'https://pbs.twimg.com/card_img/1646489047257214981/QymjCAC0?format=jpg&name=360x360']",https://twitter.com/embrusboliviaes/status/1587846690161262592
Embajada de Rusia en Bolivia,@embrusboliviaes,2022-11-09T16:44:03.000Z,"Embajada de Rusia en Bolivia
@embrusboliviaes
¬∑
Nov 9, 2022
Organizaci√≥n gubernamental de Rusia","Estimados postulantes para estudiar dentro de los l√≠mites de la Cuota para el A√±o Acad√©mico 2023/24! 

https://bolivia.mid.ru/es/press-centre/novosti_posolstva/estimados_postulantes_para_estudiar_dentro_de_los_l_mites_de_la_cuota_para_el_a_o_acad_mico_2023_24_/‚Ä¶",üîó,1,,2,['https://pbs.twimg.com/semantic_core_img/1290392753013002240/mWq1iE5L?format=png&name=orig'],https://twitter.com/embrusboliviaes/status/1590384734789840898
Embajada de Rusia en Bolivia,@embrusboliviaes,2022-11-14T13:44:17.000Z,"Embajada de Rusia en Bolivia
@embrusboliviaes
¬∑
Nov 14, 2022
Organizaci√≥n gubernamental de Rusia"," El Presidente de Rusia, Vlad√≠mir Putin, firm√≥ el Decreto sobre la aprobaci√≥n de los Fundamentos de la pol√≠tica estatal para preservar y fortalecer los valores espirituales y morales tradicionales rusos.

https://t.me/embrusbolivia/283‚Ä¶",‚úç üîó,1,1,1,"['https://pbs.twimg.com/semantic_core_img/1290392753013002240/mWq1iE5L?format=png&name=orig', 'https://pbs.twimg.com/media/Fhh1DnzXgAAmoQW?format=jpg&name=medium']",https://twitter.com/embrusboliviaes/status/1592151435055333376
Embajada de Rusia en Bolivia,@embrusboliviaes,2022-11-21T16:37:34.000Z,"Embajada de Rusia en Bolivia
@embrusboliviaes
¬∑
Nov 21, 2022
Organizaci√≥n gubernamental de Rusia","Bolivia en el foro ATOMEXPO-2022

https://t.me/embrusbolivia/291‚Ä¶",üîó,2,1,6,"['https://pbs.twimg.com/semantic_core_img/1290392753013002240/mWq1iE5L?format=png&name=orig', 'https://pbs.twimg.com/media/FiGf0KpX0AExOcE?format=jpg&name=900x900', 'https://pbs.twimg.com/media/FiGf0KwXwAAeUM0?format=jpg&name=small', 'https://pbs.twimg.com/media/FiGf0KqXoAA9tUw?format=jpg&name=small']",https://twitter.com/embrusboliviaes/status/1594731757215129600
Embajada de Rusia en Bolivia,@embrusboliviaes,2022-11-17T16:57:52.000Z,"Embajada de Rusia en Bolivia
@embrusboliviaes
¬∑
Nov 17, 2022
Organizaci√≥n gubernamental de Rusia"," Estudiantes potosinos visitan la Embajada

Se celebr√≥ el encuentro con los profesores y estudiantes del Colegio de Calazaya (Potos√≠), que visitaron la Embajada acompa√±ados por el Vicecanciller Freddy Mamani.

https://t.me/embrusbolivia/290‚Ä¶",üîó,1,1,6,"['https://pbs.twimg.com/semantic_core_img/1290392753013002240/mWq1iE5L?format=png&name=orig', 'https://pbs.twimg.com/media/Fhx-UHAXkAIePXh?format=jpg&name=medium']",https://twitter.com/embrusboliviaes/status/1593287314977046528
Embajada de Rusia en Bolivia,@embrusboliviaes,2022-11-29T17:40:54.000Z,"Embajada de Rusia en Bolivia
@embrusboliviaes
¬∑
Nov 29, 2022
Organizaci√≥n gubernamental de Rusia"," ABI: Bolivia presenta avances con el uso de tecnolog√≠a nuclear en el Foro Internacional Atomexpo en Rusia

 LEER EN COMPLETO (https://abi.bo/index.php/noticias/politica/30253-bolivia-presenta-avances-con-el-uso-de-tecnologia-nuclear-en-el-foro-internacional-atomexpo-en-rusia‚Ä¶)",üóû üîó,,1,2,"['https://pbs.twimg.com/semantic_core_img/1290392753013002240/mWq1iE5L?format=png&name=orig', 'https://pbs.twimg.com/media/Fiv7SpIWYAUqVfO?format=jpg&name=medium']",https://twitter.com/embrusboliviaes/status/1597646798780530690
Embajada de Rusia en Bolivia,@embrusboliviaes,2022-11-28T16:22:33.000Z,"Embajada de Rusia en Bolivia
@embrusboliviaes
¬∑
Nov 28, 2022
Organizaci√≥n gubernamental de Rusia",XII versi√≥n de la Feria Internacional de Energ√≠a Nuclear,üîó,,,1,"['https://pbs.twimg.com/semantic_core_img/1290392753013002240/mWq1iE5L?format=png&name=orig', 'https://pbs.twimg.com/card_img/1645703960320258049/_1k7J9Eb?format=jpg&name=small']",https://twitter.com/embrusboliviaes/status/1597264692476489728
Embajada de Rusia en Bolivia,@embrusboliviaes,2022-12-21T23:14:10.000Z,"Embajada de Rusia en Bolivia
@embrusboliviaes
¬∑
Dec 21, 2022
Organizaci√≥n gubernamental de Rusia",La Embajada de la Federaci√≥n de Rusia informa que a causa de las vacaciones del Fin del A√±o los d√≠as 29 diciembre 2022  a  08 de enero de 2023 la Secci√≥n Consular PERMANECER√Å CERRADA!,,,1,1,['https://pbs.twimg.com/semantic_core_img/1290392753013002240/mWq1iE5L?format=png&name=orig'],https://twitter.com/embrusboliviaes/status/1605703202271363072
Embajada de Rusia en Bolivia,@embrusboliviaes,2022-12-22T19:23:54.000Z,"Embajada de Rusia en Bolivia
@embrusboliviaes
¬∑
Dec 22, 2022
Organizaci√≥n gubernamental de Rusia","El 21 de diciembre se conmemora el D√≠a del Trabajador Minero Boliviano. Embajada de Rusia felicita afectuosamente a todos mineros de Bolivia. 

https://bolivia.mid.ru/es/press-centre/novosti_posolstva/felicidades_mineros/‚Ä¶",üîó,,,,"['https://pbs.twimg.com/semantic_core_img/1290392753013002240/mWq1iE5L?format=png&name=orig', 'https://pbs.twimg.com/media/FkmvYeHX0AAEWTS?format=jpg&name=medium']",https://twitter.com/embrusboliviaes/status/1606007641422974976
Embajada de Rusia en Bolivia,@embrusboliviaes,2022-12-22T19:23:07.000Z,"Embajada de Rusia en Bolivia
@embrusboliviaes
¬∑
Dec 22, 2022
Organizaci√≥n gubernamental de Rusia","El 19 de diciembre Embajador de Rusia Mikhail N. Ledenev particip√≥ en la reuni√≥n del Comit√© Civil Popular de Bolivia dedicada al 18 aniversario de su fundaci√≥n. El evento se llev√≥ a cabo en el Edificio del Parlamento del pa√≠s. 

https://bolivia.mid.ru/es/press-centre/novosti_posolstva/el_embajador_se_reuni_con_la_directiva_del_comit_c_vico_popular/‚Ä¶",üîó,,,,"['https://pbs.twimg.com/semantic_core_img/1290392753013002240/mWq1iE5L?format=png&name=orig', 'https://pbs.twimg.com/media/FkmvP9CXEAYBRVV?format=jpg&name=small', 'https://pbs.twimg.com/media/FkmvP8_XwAASSC9?format=jpg&name=small', 'https://pbs.twimg.com/media/FkmvP8-XEA8yURW?format=jpg&name=small', 'https://pbs.twimg.com/media/FkmvP9QXEBIhNUw?format=jpg&name=small']",https://twitter.com/embrusboliviaes/status/1606007445590925312
Embajada de Rusia en Bolivia,@embrusboliviaes,2022-12-22T19:03:16.000Z,"Embajada de Rusia en Bolivia
@embrusboliviaes
¬∑
Dec 22, 2022
Organizaci√≥n gubernamental de Rusia","INFORMACI√ìN SOBRE LAS BECAS
La Secci√≥n Consular de la Embajada de Rusia en Bolivia informa que el proceso de registro de los postulantes 
se realiza desde el 23 de diciembre de 2022 hasta 20 de febrero de 2023.

https://bolivia.mid.ru/es/press-centre/novosti_posolstva/informaci_n_sobre_las_becas_1/‚Ä¶",üîó,,,,['https://pbs.twimg.com/semantic_core_img/1290392753013002240/mWq1iE5L?format=png&name=orig'],https://twitter.com/embrusboliviaes/status/1606002447058472960
Embajada de Rusia en Bolivia,@embrusboliviaes,2022-12-31T05:45:16.000Z,"Embajada de Rusia en Bolivia
@embrusboliviaes
¬∑
Dec 30, 2022
Organizaci√≥n gubernamental de Rusia"," El Presidente de Rusia, Vlad√≠mir Putin, felicit√≥ a a sus hom√≥logos latinoamericanos con motivo del A√±o Nuevo.

https://t.me/embrusbolivia/298‚Ä¶",‚úç üîó,,1,2,"['https://pbs.twimg.com/semantic_core_img/1290392753013002240/mWq1iE5L?format=png&name=orig', 'https://pbs.twimg.com/media/FlSKQe7XoAEmhLD?format=jpg&name=medium']",https://twitter.com/embrusboliviaes/status/1609063115630743552
Embajada de Rusia en Bolivia,@embrusboliviaes,2022-12-29T22:50:28.000Z,"Embajada de Rusia en Bolivia
@embrusboliviaes
¬∑
Dec 29, 2022
Organizaci√≥n gubernamental de Rusia","¬øC√≥mo se celebra el A√±o Nuevo en Rusia?

La celebraci√≥n del A√±o Nuevo en Rusia es una de las tradiciones m√°s antiguas e importantes para la poblaci√≥n del pa√≠s. ¬øQu√© saben sobre esta fiesta de la tradici√≥n rusa?

@RTVideosES",,,4,7,"['https://pbs.twimg.com/semantic_core_img/1290392753013002240/mWq1iE5L?format=png&name=orig', 'https://pbs.twimg.com/ext_tw_video_thumb/1608596099694055424/pu/img/bCM6B5bOIGMPT5SY.jpg']",https://twitter.com/embrusboliviaes/status/1608596342217265152
Embajada de Rusia en Bolivia,@embrusboliviaes,2023-01-02T20:35:23.000Z,"Embajada de Rusia en Bolivia
@embrusboliviaes
¬∑
Jan 2
Organizaci√≥n gubernamental de Rusia"," La Presidenta del Consejo de la Federaci√≥n de Rusia Valentina Matvienko y el Presidente del Estado Plurinacional de Bolivia Luis Arce Catacora durante la reuni√≥n en Brasil en v√≠speras de la toma de posesi√≥n del nuevo presidente del pa√≠s, Luiz In√°cio Lula da Silva ",,1,2,14,"['https://pbs.twimg.com/semantic_core_img/1290392753013002240/mWq1iE5L?format=png&name=orig', 'https://pbs.twimg.com/media/FlfpRuvWQAkEx_z?format=jpg&name=medium']",https://twitter.com/embrusboliviaes/status/1610011898719633408
Embajada de Rusia en Bolivia,@embrusboliviaes,2023-01-02T19:08:00.000Z,"Embajada de Rusia en Bolivia
@embrusboliviaes
¬∑
Jan 2
Organizaci√≥n gubernamental de Rusia","Desde la Canciller√≠a de Rusia, les enviamos nuestros m√°s cordiales saludos y sinceras felicitaciones por la llegada del A√±o Nuevo.
¬°Que todos los planes y sue√±os se hagan realidad en !
¬°Les deseamos un pr√≥spero y venturoso A√±o Nuevo lleno de amor, felicidad y bienestar!",üéâ,1,1,4,"['https://pbs.twimg.com/semantic_core_img/1290392753013002240/mWq1iE5L?format=png&name=orig', 'https://pbs.twimg.com/media/FlfVOngXEAEppwK?format=jpg&name=medium']",https://twitter.com/embrusboliviaes/status/1609989906360668160
Embajada de Rusia en Bolivia,@embrusboliviaes,2023-01-02T19:10:17.000Z,"Embajada de Rusia en Bolivia
@embrusboliviaes
¬∑
Jan 2
Organizaci√≥n gubernamental de Rusia","En Nochevieja, todo el mundo hace balance.

Y nosotros tambi√©n. 

En el 2022 la Fundaci√≥n Roscongress celebr√≥ m√°s de 10 foros y eventos empresariales, algunos de ellos con la participaci√≥n del presidente de Rusia.

https://t.me/embrusbolivia/300?single‚Ä¶",üîó,,,,"['https://pbs.twimg.com/semantic_core_img/1290392753013002240/mWq1iE5L?format=png&name=orig', 'https://pbs.twimg.com/media/FlfVy84X0AcM9KI?format=jpg&name=small', 'https://pbs.twimg.com/media/FlfVy8zWYAQvo9t?format=jpg&name=small', 'https://pbs.twimg.com/media/FlfVy80XkAM5O5T?format=jpg&name=small', 'https://pbs.twimg.com/media/FlfVy8yX0AASZrN?format=jpg&name=small']",https://twitter.com/embrusboliviaes/status/1609990481156390916
Embajada de Rusia en Bolivia,@embrusboliviaes,2023-01-18T21:31:07.000Z,"Embajada de Rusia en Bolivia
@embrusboliviaes
¬∑
Jan 18
Organizaci√≥n gubernamental de Rusia", El Embajador de Rusia tuvo una grata conversaci√≥n con la nueva Embajadora de Colombia en Bolivia Elizabeth Garc√≠a ,,1,2,1,"['https://pbs.twimg.com/semantic_core_img/1290392753013002240/mWq1iE5L?format=png&name=orig', 'https://pbs.twimg.com/media/FmyPZE5WIAAU87s?format=jpg&name=medium']",https://twitter.com/embrusboliviaes/status/1615824129751502848
Embajada de Rusia en Bolivia,@embrusboliviaes,2023-01-19T15:31:03.000Z,"Embajada de Rusia en Bolivia
@embrusboliviaes
¬∑
Jan 19
Organizaci√≥n gubernamental de Rusia"," Sobre la reuni√≥n con el Ministro de Educaci√≥n

https://t.me/embrusbolivia/312‚Ä¶",üîó,,,1,"['https://pbs.twimg.com/semantic_core_img/1290392753013002240/mWq1iE5L?format=png&name=orig', 'https://pbs.twimg.com/media/Fm2GgyxWAAUMSa4?format=jpg&name=medium']",https://twitter.com/embrusboliviaes/status/1616095904783638529
Embajada de Rusia en Bolivia,@embrusboliviaes,2023-01-16T16:34:43.000Z,"Embajada de Rusia en Bolivia
@embrusboliviaes
¬∑
Jan 16
Organizaci√≥n gubernamental de Rusia"," Declaraci√≥n urgente del Centro de Coordinaci√≥n Interdepartamental de Rusia para la Respuesta Humanitaria en Ucrania
 ",‚ùó üîó ‚ùó,1,,1,"['https://pbs.twimg.com/semantic_core_img/1290392753013002240/mWq1iE5L?format=png&name=orig', 'https://pbs.twimg.com/card_img/1645673545685499905/Q1HTpH5t?format=jpg&name=360x360']",https://twitter.com/embrusboliviaes/status/1615024762589151242
Embajada de Rusia en Bolivia,@embrusboliviaes,2023-01-24T22:19:48.000Z,"Embajada de Rusia en Bolivia
@embrusboliviaes
¬∑
Jan 24
Organizaci√≥n gubernamental de Rusia"," Presidente Vlad√≠mir Putin: 
http://t.me/embrusbolivia/314‚Ä¶",üí¨ üîó,,,,"['https://pbs.twimg.com/semantic_core_img/1290392753013002240/mWq1iE5L?format=png&name=orig', 'https://pbs.twimg.com/media/FnRUJQnXEAEgp6E?format=jpg&name=medium']",https://twitter.com/embrusboliviaes/status/1618010709119619074
Embajada de Rusia en Bolivia,@embrusboliviaes,2023-01-24T00:04:29.000Z,"Embajada de Rusia en Bolivia
@embrusboliviaes
¬∑
Jan 23
Organizaci√≥n gubernamental de Rusia","La Comisi√≥n Econ√≥mica Euroasi√°tica (CEE) estableci√≥ Comisi√≥n para la cooperaci√≥n y sustituci√≥n de importaciones en industrias prioritarias y de alta tecnolog√≠a

    

M√°s info: https://is.gd/ajX3W9",,,,,"['https://pbs.twimg.com/semantic_core_img/1290392753013002240/mWq1iE5L?format=png&name=orig', 'https://pbs.twimg.com/media/FnMih3RWAAE_ONa?format=jpg&name=medium']",https://twitter.com/embrusboliviaes/status/1617674663311847424
Embajada de Rusia en Bolivia,@embrusboliviaes,2023-01-29T01:06:05.000Z,"Embajada de Rusia en Bolivia
@embrusboliviaes
¬∑
Jan 28
Organizaci√≥n gubernamental de Rusia","El funcionario de la Embajada particip√≥ en la presentaci√≥n de la memoria bianual del Ministerio de Relaciones Exteriores de Bolivia ‚ÄúEn Canciller√≠a, somos as√≠‚Äù.

 https://fb.watch/ilaVPtXXrt/?mibextid=v7YzmG‚Ä¶",üé•,1,2,3,"['https://pbs.twimg.com/semantic_core_img/1290392753013002240/mWq1iE5L?format=png&name=orig', 'https://pbs.twimg.com/media/FnmgikDWAAAmwCA?format=jpg&name=medium']",https://twitter.com/embrusboliviaes/status/1619502105798279170
Embajada de Rusia en Bolivia,@embrusboliviaes,2023-02-02T15:46:14.000Z,"Embajada de Rusia en Bolivia
@embrusboliviaes
¬∑
Feb 2
Organizaci√≥n gubernamental de Rusia", Vlad√≠mir Putin deposita flores en el memorial de Mam√°yev Kurg√°n y honra a los defensores de Stalingrado,‚ö°,2,4,9,"['https://pbs.twimg.com/semantic_core_img/1290392753013002240/mWq1iE5L?format=png&name=orig', 'https://pbs.twimg.com/ext_tw_video_thumb/1621173080054763520/pu/img/PHpnPF9iVu9kNSuH.jpg']",https://twitter.com/embrusboliviaes/status/1621173154713321476
Embajada de Rusia en Bolivia,@embrusboliviaes,2023-02-02T16:47:11.000Z,"Embajada de Rusia en Bolivia
@embrusboliviaes
¬∑
Feb 2
Organizaci√≥n gubernamental de Rusia","Batalla de Stalingrado

 Hace 80 a√±os, el 2 de febrero de 1943, la derrota total del 6¬∫ Ej√©rcito alem√°n coron√≥ la batalla decisiva m√°s importante de la Gran Guerra Patria....

https://t.me/embrusbolivia/319‚Ä¶",üî¥ üîó,,3,14,"['https://pbs.twimg.com/semantic_core_img/1290392753013002240/mWq1iE5L?format=png&name=orig', 'https://pbs.twimg.com/media/Fn-eVmHXoAIiaDW?format=jpg&name=900x900']",https://twitter.com/embrusboliviaes/status/1621188491118796801
Embajada de Rusia en Bolivia,@embrusboliviaes,2023-02-02T14:44:59.000Z,"Embajada de Rusia en Bolivia
@embrusboliviaes
¬∑
Feb 2
Organizaci√≥n gubernamental de Rusia","Rusia celebra los 80 a√±os del fin de la batalla de Stalingrado

 https://youtu.be/lCnGpGhc0n8",üëâ üîó üëâ,1,2,3,"['https://pbs.twimg.com/semantic_core_img/1290392753013002240/mWq1iE5L?format=png&name=orig', 'https://pbs.twimg.com/card_img/1646489047257214981/QymjCAC0?format=jpg&name=360x360']",https://twitter.com/embrusboliviaes/status/1621157739874648066
Embajada de Rusia en Bolivia,@embrusboliviaes,2023-02-03T13:27:52.000Z,"Embajada de Rusia en Bolivia
@embrusboliviaes
¬∑
Feb 3
Organizaci√≥n gubernamental de Rusia"," Con motivo del 80¬∫ aniversario de la batalla de Stalingrado y la victoria del Ej√©rcito Rojo sobre las tropas alemanas, el Ministerio de Defensa de Rusia ha lanzado una secci√≥n hist√≥rica en su sitio web que recoge algunos documentos...

https://t.me/embrusbolivia/321‚Ä¶",üóÉ üîó,,1,1,"['https://pbs.twimg.com/semantic_core_img/1290392753013002240/mWq1iE5L?format=png&name=orig', 'https://pbs.twimg.com/ext_tw_video_thumb/1621500637899800576/pu/img/1_wuXGMkb1Z0wBHV.jpg']",https://twitter.com/embrusboliviaes/status/1621500718828949507
Embajada de Rusia en Bolivia,@embrusboliviaes,2023-02-03T14:25:29.000Z,"Embajada de Rusia en Bolivia
@embrusboliviaes
¬∑
Feb 3
Organizaci√≥n gubernamental de Rusia"," Presidente Vlad√≠mir Putin: Ahora mismo, lamentablemente, vemos que la ideolog√≠a de nazismo ya en su moderna manifestaci√≥n vuelve a amenazar directamente a la seguridad de nuestro pa√≠s. Nos vemos obligados a oponernos a la agresi√≥n de Occidente.

https://t.me/embrusbolivia/322‚Ä¶",üí¨ üîó,2,1,1,"['https://pbs.twimg.com/semantic_core_img/1290392753013002240/mWq1iE5L?format=png&name=orig', 'https://pbs.twimg.com/media/FoDHeYHaIAAM72z?format=jpg&name=medium']",https://twitter.com/embrusboliviaes/status/1621515221591531526
Embajada de Rusia en Bolivia,@embrusboliviaes,2023-02-06T14:37:11.000Z,"Embajada de Rusia en Bolivia
@embrusboliviaes
¬∑
Feb 6
Organizaci√≥n gubernamental de Rusia"," El Presidente de Rusia, Vlad√≠mir Putin, transmiti√≥ profundas condolencias a sus hom√≥logos de Turqu√≠a y de Siria, Recep Tayyip Erdogan y Bashar Asad, respectivamente, por las v√≠ctimas mortales que caus√≥ el terremoto en ambos pa√≠ses.

https://t.me/embrusbolivia/323‚Ä¶",‚úç üîó,,,2,"['https://pbs.twimg.com/semantic_core_img/1290392753013002240/mWq1iE5L?format=png&name=orig', 'https://pbs.twimg.com/media/FoSm4a-WcAYbeb5?format=jpg&name=small']",https://twitter.com/embrusboliviaes/status/1622605327647531009
Embajada de Rusia en Bolivia,@embrusboliviaes,2023-02-09T18:04:45.000Z,"Embajada de Rusia en Bolivia
@embrusboliviaes
¬∑
Feb 9
Organizaci√≥n gubernamental de Rusia"," Vean la entrevista
Director del Departamento de Am√©rica Latina de la Canciller√≠a rusa, Alex√°nder Shchetinin, con el canal de televisi√≥n RT

 Alex√°nder Shchetinin:",üì∫ üí¨ üîó üì∫ üí¨,,,1,"['https://pbs.twimg.com/semantic_core_img/1290392753013002240/mWq1iE5L?format=png&name=orig', 'https://pbs.twimg.com/card_img/1646671859893649408/nQ77TGXp?format=jpg&name=360x360']",https://twitter.com/embrusboliviaes/status/1623744726703738881
Embajada de Rusia en Bolivia,@embrusboliviaes,2023-02-10T19:40:29.000Z,"Embajada de Rusia en Bolivia
@embrusboliviaes
¬∑
Feb 10
Organizaci√≥n gubernamental de Rusia",¬°Felicitaciones con el D√≠a del Diplom√°tico que se celebra cada 10 de febrero en Rusia! ,üéâ,5,4,9,"['https://pbs.twimg.com/semantic_core_img/1290392753013002240/mWq1iE5L?format=png&name=orig', 'https://pbs.twimg.com/media/FooSt7BXEAgSK9N?format=jpg&name=medium']",https://twitter.com/embrusboliviaes/status/1624131206508908546
Embajada de Rusia en Bolivia,@embrusboliviaes,2023-02-13T21:13:32.000Z,"Embajada de Rusia en Bolivia
@embrusboliviaes
¬∑
Feb 13
Organizaci√≥n gubernamental de Rusia","150 A√ëOS DEL LEGENDARIO CANTANTE RUSO DE √ìPERA FI√ìDOR CHALIAPIN

https://t.me/embrusbolivia/330‚Ä¶",üîó,,,,"['https://pbs.twimg.com/semantic_core_img/1290392753013002240/mWq1iE5L?format=png&name=orig', 'https://pbs.twimg.com/media/Fo4EsMdXwAI40c_?format=jpg&name=small', 'https://pbs.twimg.com/media/Fo4EtcNWcAMsL9W?format=jpg&name=small', 'https://pbs.twimg.com/media/Fo4EvAxWcAgC1Rf?format=jpg&name=small', 'https://pbs.twimg.com/media/Fo4ExiWWcAkzN1H?format=jpg&name=small']",https://twitter.com/embrusboliviaes/status/1625241789727666176
Embajada de Rusia en Bolivia,@embrusboliviaes,2023-02-14T17:04:45.000Z,"Embajada de Rusia en Bolivia
@embrusboliviaes
¬∑
Feb 14
Organizaci√≥n gubernamental de Rusia","Sobre la reuni√≥n con los representantes de ¬´Huawei Bolivia¬ª

https://bolivia.mid.ru/es/press-centre/novosti_posolstva/sobre_la_reuni_n_con_los_representantes_de_huawei_bolivia/‚Ä¶",üîó,2,1,2,"['https://pbs.twimg.com/semantic_core_img/1290392753013002240/mWq1iE5L?format=png&name=orig', 'https://pbs.twimg.com/media/Fo8UCyuX0AAI-Bz?format=jpg&name=medium']",https://twitter.com/embrusboliviaes/status/1625541569779580943
Embajada de Rusia en Bolivia,@embrusboliviaes,2023-02-10T20:03:16.000Z,"Embajada de Rusia en Bolivia
@embrusboliviaes
¬∑
Feb 10
Organizaci√≥n gubernamental de Rusia","¬° Feliz #D√≠aDelDiplom√°tico !

Hoy en Rusia se celebra el D√≠a del Diplom√°tico. El 10 de febrero de 1549 fue la primera menci√≥n del departamento de pol√≠tica exterior de Rusia, llamado en aquel entonces Departamento de Embajadas. ",üîó,,,1,"['https://pbs.twimg.com/semantic_core_img/1290392753013002240/mWq1iE5L?format=png&name=orig', 'https://pbs.twimg.com/card_img/1647047362580209664/nvKf30cB?format=jpg&name=360x360']",https://twitter.com/embrusboliviaes/status/1624136942580379650
Embajada de Rusia en Bolivia,@embrusboliviaes,2023-02-17T15:29:36.000Z,"Embajada de Rusia en Bolivia
@embrusboliviaes
¬∑
Feb 17
Organizaci√≥n gubernamental de Rusia", El Embajador de Rusia Mikhail Ledenev particip√≥ en la ceremonia de colocaci√≥n de ofrendas florales ante el monumento a Sim√≥n Bol√≠var en el marco de la visita del Canciller venezolano Yvan Gil a Bolivia.,,4,9,27,"['https://pbs.twimg.com/semantic_core_img/1290392753013002240/mWq1iE5L?format=png&name=orig', 'https://pbs.twimg.com/media/FpLcawUWIAIh33s?format=jpg&name=small', 'https://pbs.twimg.com/media/FpLcawOXgAE9kRA?format=jpg&name=small', 'https://pbs.twimg.com/media/FpLcawLXEAEu_q3?format=jpg&name=small']",https://twitter.com/embrusboliviaes/status/1626604785427259392
Embajada de Rusia en Bolivia,@embrusboliviaes,2023-02-15T18:43:59.000Z,"Embajada de Rusia en Bolivia
@embrusboliviaes
¬∑
Feb 15
Organizaci√≥n gubernamental de Rusia"," El Embajador de Rusia se reuni√≥ con Andr√≥nico Rodr√≠guez
 
Andr√≥nico Rodr√≠guez, el Presidente de la C√°mara de Senadores, recibi√≥ al Embajador ruso Mikhail Ledenev. La reuni√≥n se celebr√≥ en la Asamblea Legislativa Plurinacional.

https://t.me/embrusbolivia/336‚Ä¶",üîó,3,10,16,"['https://pbs.twimg.com/semantic_core_img/1290392753013002240/mWq1iE5L?format=png&name=orig', 'https://pbs.twimg.com/media/FpB1nFWXoAA5cDd?format=jpg&name=medium']",https://twitter.com/embrusboliviaes/status/1625928927850921994
Embajada de Rusia en Bolivia,@embrusboliviaes,2023-02-16T15:01:30.000Z,"Embajada de Rusia en Bolivia
@embrusboliviaes
¬∑
Feb 16
Organizaci√≥n gubernamental de Rusia"," Rusia y Bolivia comenzaron a realizar pagos en monedas nacionales en el comercio bilateral.

El Embajador ruso en Bolivia, Mija√≠l Ledenev, destac√≥ que la cooperaci√≥n entre ambas naciones se desarroll√≥ activamente el a√±o pasado.
http://t.me/embrusbolivia/337‚Ä¶",üîó,2,6,13,"['https://pbs.twimg.com/semantic_core_img/1290392753013002240/mWq1iE5L?format=png&name=orig', 'https://pbs.twimg.com/media/FpGMOgcaYAUZbZp?format=jpg&name=medium']",https://twitter.com/embrusboliviaes/status/1626235325801725954
Embajada de Rusia en Bolivia,@embrusboliviaes,2023-02-16T17:37:28.000Z,"Embajada de Rusia en Bolivia
@embrusboliviaes
¬∑
Feb 16
Organizaci√≥n gubernamental de Rusia","Embajador de Rusia Mija√≠l Ledenev: ""Bolivia es uno de nuestros socios y aliados clave en la regi√≥n de Am√©rica Latina"" ‚Äì SPUTNIK MUNDO

https://t.me/embrusbolivia/338‚Ä¶",üîó,1,3,8,"['https://pbs.twimg.com/semantic_core_img/1290392753013002240/mWq1iE5L?format=png&name=orig', 'https://pbs.twimg.com/media/FpGwEG8X0AAfm5m?format=jpg&name=900x900']",https://twitter.com/embrusboliviaes/status/1626274576916180992
Embajada de Rusia en Bolivia,@embrusboliviaes,2023-02-23T20:03:16.000Z,"Embajada de Rusia en Bolivia
@embrusboliviaes
¬∑
Feb 23
Organizaci√≥n gubernamental de Rusia", ¬°Hoy celebramos el D√≠a del Defensor de la Patria! ,üåü,7,11,35,"['https://pbs.twimg.com/semantic_core_img/1290392753013002240/mWq1iE5L?format=png&name=orig', 'https://pbs.twimg.com/media/FprUmn9XEAAxBQ6?format=jpg&name=small']",https://twitter.com/embrusboliviaes/status/1628847982790451200
Embajada de Rusia en Bolivia,@embrusboliviaes,2023-02-24T21:21:46.000Z,"Embajada de Rusia en Bolivia
@embrusboliviaes
¬∑
Feb 24
Organizaci√≥n gubernamental de Rusia","Les invitamos a conocer el nuevo art√≠culo del Embajador de Rusia  en Bolivia  Mikhail Ledenev titulado ‚Äú¬øOtra vez M√∫nich?‚Äù publicado en los peri√≥dicos nacionales Ahora el Pueblo, La Raz√≥n y El Diario

https://t.me/embrusbolivia/346‚Ä¶",üîó,6,14,22,"['https://pbs.twimg.com/semantic_core_img/1290392753013002240/mWq1iE5L?format=png&name=orig', 'https://pbs.twimg.com/media/Fpwv_ULXwAE5vOv?format=jpg&name=900x900']",https://twitter.com/embrusboliviaes/status/1629230128210276354
Embajada de Rusia en Bolivia,@embrusboliviaes,2023-02-24T18:03:38.000Z,"Embajada de Rusia en Bolivia
@embrusboliviaes
¬∑
Feb 24
Organizaci√≥n gubernamental de Rusia","Les invitamos a ver el nuevo documental https://youtube.com/watch?v=nWr9jUxeV5A‚Ä¶ de RT en Espa√±ol  ""Nacionalismo ucraniano: aporte de EEUU"", que analiza la g√©nesis del nacionalismo radical ucraniano, as√≠ como la contribuci√≥n estadounidense al ascenso del neonazismo en este pa√≠s.",,4,12,27,['https://pbs.twimg.com/semantic_core_img/1290392753013002240/mWq1iE5L?format=png&name=orig'],https://twitter.com/embrusboliviaes/status/1629180264483024899
Embajada de Rusia en Bolivia,@embrusboliviaes,2023-02-23T16:09:53.000Z,"Embajada de Rusia en Bolivia
@embrusboliviaes
¬∑
Feb 23
Organizaci√≥n gubernamental de Rusia"," El Parlamento de Rusia aprob√≥ el proyecto de ley para suspender la participaci√≥n del pa√≠s en el Tratado de Reducci√≥n de Armas Estrat√©gicas. La ley entra en vigor a partir de la fecha de su publicaci√≥n oficial.

https://t.me/embrusbolivia/343‚Ä¶",‚ö° üîó,3,3,9,"['https://pbs.twimg.com/semantic_core_img/1290392753013002240/mWq1iE5L?format=png&name=orig', 'https://pbs.twimg.com/media/FpqfI7HXwAYoSi7?format=jpg&name=medium']",https://twitter.com/embrusboliviaes/status/1628789249204973570
Embajada de Rusia en Bolivia,@embrusboliviaes,2023-02-22T18:44:04.000Z,"Embajada de Rusia en Bolivia
@embrusboliviaes
¬∑
Feb 22
Organizaci√≥n gubernamental de Rusia"," Presidente Vlad√≠mir Putin: Occidente hace la vista gorda ante la ideolog√≠a neonazi en Ucrania, les importa un bledo por qui√©n apostar en la lucha contra Rusia. Lo importante es que luchen contra nosotros.

https://t.me/embrusbolivia/342‚Ä¶",üí¨ üîó,1,1,6,"['https://pbs.twimg.com/semantic_core_img/1290392753013002240/mWq1iE5L?format=png&name=orig', 'https://pbs.twimg.com/media/Fpl4zJrXoAEv1fd?format=jpg&name=medium']",https://twitter.com/embrusboliviaes/status/1628465663499988993
Embajada de Rusia en Bolivia,@embrusboliviaes,2023-03-01T01:55:16.000Z,"Embajada de Rusia en Bolivia
@embrusboliviaes
¬∑
Feb 28
Organizaci√≥n gubernamental de Rusia",La recepci√≥n dedicada al D√≠a del Defensor de la Patria lleg√≥ a ser un emotivo encuentro de amigos ,,1,4,21,"['https://pbs.twimg.com/semantic_core_img/1290392753013002240/mWq1iE5L?format=png&name=orig', 'https://pbs.twimg.com/media/FqGVGqPWAAA2OgG?format=jpg&name=large']",https://twitter.com/embrusboliviaes/status/1630748504950800385
Embajada de Rusia en Bolivia,@embrusboliviaes,2023-03-07T15:52:56.000Z,"Embajada de Rusia en Bolivia
@embrusboliviaes
¬∑
Mar 7
Organizaci√≥n gubernamental de Rusia"," Sobre la reuni√≥n con Jerges Mercado

El Embajador de Rusia Mikhail Ledenev se reuni√≥ con el Presidente de la C√°mara de Diputados Jerges Mercado en la Asamblea Legislativa Plurinacional.

https://t.me/embrusbolivia/350‚Ä¶",üîó,4,6,23,"['https://pbs.twimg.com/semantic_core_img/1290392753013002240/mWq1iE5L?format=png&name=orig', 'https://pbs.twimg.com/media/FqoOT2DWcAESx3k?format=jpg&name=900x900', 'https://pbs.twimg.com/media/FqoOVBSWwAAKj1h?format=jpg&name=900x900']",https://twitter.com/embrusboliviaes/status/1633133639742439432
Embajada de Rusia en Bolivia,@embrusboliviaes,2023-03-07T16:00:35.000Z,"Embajada de Rusia en Bolivia
@embrusboliviaes
¬∑
Mar 7
Organizaci√≥n gubernamental de Rusia","El 38-o Aniversario de El Alto

El Embajador ruso particip√≥ en la Sesi√≥n de Honor en homenaje al 38-o Aniversario de la ciudad de El Alto. 

https://t.me/embrusbolivia/352‚Ä¶",üîó,1,1,4,"['https://pbs.twimg.com/semantic_core_img/1290392753013002240/mWq1iE5L?format=png&name=orig', 'https://pbs.twimg.com/media/FqoQHuFWIAAydbr?format=jpg&name=900x900', 'https://pbs.twimg.com/media/FqoQIxLWAAA8pQZ?format=jpg&name=900x900']",https://twitter.com/embrusboliviaes/status/1633135565758398464
Embajada de Rusia en Bolivia,@embrusboliviaes,2023-03-08T19:14:36.000Z,"Embajada de Rusia en Bolivia
@embrusboliviaes
¬∑
Mar 8
Organizaci√≥n gubernamental de Rusia",En v√≠speras del D√≠a Internacional de la Mujer el colectivo de la Embajada felicit√≥ a la ‚Äúbella mitad‚Äù de nuestra Misi√≥n Diplom√°tica con la fiesta m√°s emblem√°tica del primer mes primaveral ,üå∏ üéÅ,2,3,15,"['https://pbs.twimg.com/semantic_core_img/1290392753013002240/mWq1iE5L?format=png&name=orig', 'https://pbs.twimg.com/media/FquGIoOWIAYDc3m?format=jpg&name=medium']",https://twitter.com/embrusboliviaes/status/1633546779848220681
Embajada de Rusia en Bolivia,@embrusboliviaes,2023-03-08T18:11:25.000Z,"Embajada de Rusia en Bolivia
@embrusboliviaes
¬∑
Mar 8
Organizaci√≥n gubernamental de Rusia"," ¬°Feliz D√≠a de la Mujer!

 Hoy en d√≠a, el 8 de marzo se celebra por todo el mundo para honrar a las mujeres y continuar luchando por la igualdad de g√©nero.

https://t.me/embrusbolivia/354‚Ä¶

#LAD_valoresculturales",üíê üåπ üîó,5,2,5,"['https://pbs.twimg.com/semantic_core_img/1290392753013002240/mWq1iE5L?format=png&name=orig', 'https://pbs.twimg.com/media/Fqt3b1iWYAQEFwd?format=jpg&name=medium']",https://twitter.com/embrusboliviaes/status/1633530877115260928
Embajada de Rusia en Bolivia,@embrusboliviaes,2023-03-13T20:20:59.000Z,"Embajada de Rusia en Bolivia
@embrusboliviaes
¬∑
Mar 13
Organizaci√≥n gubernamental de Rusia"," El Embajador de Rusia Mikhail Ledenev concedi√≥ una entrevista al periodista de BTV Alfonso Ossand√≥n. Se abord√≥ el estado actual de las relaciones bilaterales, as√≠ como los problemas vigentes de la palestra internacional.",,3,10,21,"['https://pbs.twimg.com/semantic_core_img/1290392753013002240/mWq1iE5L?format=png&name=orig', 'https://pbs.twimg.com/media/FrIFPPZXoAwHzlN?format=jpg&name=900x900', 'https://pbs.twimg.com/media/FrIFPPZXgAABjZl?format=jpg&name=small', 'https://pbs.twimg.com/media/FrIFPPbWcAAdQtt?format=jpg&name=small']",https://twitter.com/embrusboliviaes/status/1635375424686653440
Embajada de Rusia en Bolivia,@embrusboliviaes,2023-03-12T20:48:29.000Z,"Embajada de Rusia en Bolivia
@embrusboliviaes
¬∑
Mar 12
Organizaci√≥n gubernamental de Rusia","Conmemorando al Comandante

https://t.me/embrusbolivia/358‚Ä¶",üîó,1,4,2,"['https://pbs.twimg.com/semantic_core_img/1290392753013002240/mWq1iE5L?format=png&name=orig', 'https://pbs.twimg.com/media/FrDBvIuWYAEfgAy?format=jpg&name=small', 'https://pbs.twimg.com/media/FrDBvItX0AMTYB1?format=jpg&name=medium']",https://twitter.com/embrusboliviaes/status/1635019958450286592
Embajada de Rusia en Bolivia,@embrusboliviaes,2023-03-14T15:59:34.000Z,"Embajada de Rusia en Bolivia
@embrusboliviaes
¬∑
Mar 14
Organizaci√≥n gubernamental de Rusia"," Les invitamos a ver la entrevista exclusiva del Embajador Mikhail Ledenev para el programa BTV Internacional 

Haz click abajo  

 YouTube https://youtube.com/live/gEQjKEpweeI?feature=share‚Ä¶
 Facebook https://fb.watch/jfmrSsO_JD/",üì∫,2,8,12,"['https://pbs.twimg.com/semantic_core_img/1290392753013002240/mWq1iE5L?format=png&name=orig', 'https://pbs.twimg.com/media/FrMTCD_XoAgDjh3?format=jpg&name=medium']",https://twitter.com/embrusboliviaes/status/1635672024533090313
Embajada de Rusia en Bolivia,@embrusboliviaes,2023-03-14T20:09:59.000Z,"Embajada de Rusia en Bolivia
@embrusboliviaes
¬∑
Mar 14
Organizaci√≥n gubernamental de Rusia"," ""No hay mal que por bien no venga"": Kremlin comenta la situaci√≥n de Rusia tras el colapso de bancos en EE.UU.

 Suscr√≠banse - RT en Espa√±ol (https://t.me/rtnoticias)",üëâ,2,5,7,"['https://pbs.twimg.com/semantic_core_img/1290392753013002240/mWq1iE5L?format=png&name=orig', 'https://pbs.twimg.com/media/FrNMQuyXgBcxcUU?format=jpg&name=medium']",https://twitter.com/embrusboliviaes/status/1635735045209030661
Embajada de Rusia en Bolivia,@embrusboliviaes,2023-03-17T16:03:03.000Z,"Embajada de Rusia en Bolivia
@embrusboliviaes
¬∑
Mar 17
Organizaci√≥n gubernamental de Rusia","Los Presidentes de Rusia y Bolivia mantuvieron una conversaci√≥n telef√≥nica 

Por iniciativa de la Parte Boliviana se llev√≥ a cabo una conversaci√≥n telef√≥nica entre el Presidente de Rusia Vlad√≠mir Putin y el Presidente de Bolivia Luis Arce. 

https://t.me/embrusbolivia/366‚Ä¶",üîó,,3,13,"['https://pbs.twimg.com/semantic_core_img/1290392753013002240/mWq1iE5L?format=png&name=orig', 'https://pbs.twimg.com/media/Frbwl9eWYAM62_q?format=jpg&name=medium']",https://twitter.com/embrusboliviaes/status/1636760064001294337
Embajada de Rusia en Bolivia,@embrusboliviaes,2023-03-17T16:15:47.000Z,"Embajada de Rusia en Bolivia
@embrusboliviaes
¬∑
Mar 17
Organizaci√≥n gubernamental de Rusia"," Hoy se cumplen nueve a√±os del referendo sobre el estatus de Crimea.

El 16 de marzo de 2014, el pueblo de Crimea tom√≥ su decisi√≥n hist√≥rica en el curso de la consulta p√∫blica.

https://t.me/embrusbolivia/367‚Ä¶",üîó,1,1,4,"['https://pbs.twimg.com/semantic_core_img/1290392753013002240/mWq1iE5L?format=png&name=orig', 'https://pbs.twimg.com/media/FrbzXhfXsAAj6nL?format=jpg&name=medium', 'https://pbs.twimg.com/media/FrbzYoZXwAYdzey?format=jpg&name=small', 'https://pbs.twimg.com/media/FrbzZpgXsAEVcy_?format=jpg&name=small']",https://twitter.com/embrusboliviaes/status/1636763267665375234
Embajada de Rusia en Bolivia,@embrusboliviaes,2023-03-21T16:03:59.000Z,"Embajada de Rusia en Bolivia
@embrusboliviaes
¬∑
Mar 21
Organizaci√≥n gubernamental de Rusia", Rusia abre una causa penal contra el fiscal y los jueces de la Corte Penal Internacional ,‚ö° üîó ‚ö°,3,1,4,"['https://pbs.twimg.com/semantic_core_img/1290392753013002240/mWq1iE5L?format=png&name=orig', 'https://pbs.twimg.com/card_img/1645821911014752258/096Q0w8e?format=jpg&name=360x360']",https://twitter.com/embrusboliviaes/status/1638209849430343684
